uniform,normal,exponential
7.7396,3.3516,0.3567
4.3888,4.188,2.1352
8.586,5.408,0.0268
6.9737,4.0575,1.2379
0.9418,4.5825,3.9822
9.7562,5.662,3.253
7.6114,4.4768,1.4712
7.8606,5.3391,0.8654
1.2811,7.3891,0.5109
4.5039,4.7422,0.3241
3.708,6.769,0.1224
9.2676,5.8391,0.7155
6.4387,2.7991,0.3281
8.2276,3.3468,2.6611
4.4341,3.7496,0.0036
2.2724,3.7177,3.3191
5.5458,4.8646,0.4898
0.6382,5.922,3.8731
8.2763,6.8827,2.4367
6.3166,5.4623,0.4125
7.5809,4.3315,2.0726
3.5453,1.8766,8.0005
9.707,5.1059,1.07
8.9312,5.0387,0.7908
7.7838,5.2744,2.4571
1.9464,8.1594,2.8777
4.6672,6.8609,1.5186
0.438,6.1776,0.12
1.5429,3.5569,0.0345
6.8305,4.2305,5.479
7.4476,4.8577,1.6367
9.6751,3.8369,0.7178
3.2583,5.7507,1.6937
3.7046,5.5354,1.5516
4.6956,3.3675,0.0605
1.8947,6.7952,0.1961
1.2992,5.1535,0.8904
4.757,2.4064,8.3065
2.2691,4.923,0.8228
6.6981,5.4218,1.9739
4.3715,6.4592,0.1282
8.3268,4.4938,0.8588
7.0027,6.2419,0.8717
3.1237,5.2807,2.4015
8.3226,3.0274,0.66
8.0476,2.8772,5.0029
3.8748,6.6838,0.2551
2.8833,6.794,4.102
6.825,5.4844,0.2531
1.3975,7.2436,3.917
1.9991,6.5849,1.2719
0.0736,6.0254,9.3792
7.8692,3.633,0.1769
6.6485,7.5971,1.9336
7.0517,5.8045,7.1103
7.8073,4.4212,1.623
4.5892,3.9976,5.5976
5.6874,5.3852,0.3006
1.398,2.4934,0.7829
1.1453,6.0495,0.6992
6.684,3.5696,1.5144
4.711,5.5559,1.0027
5.6524,4.2176,0.0604
7.65,4.6034,2.045
6.3472,3.8646,0.8781
5.5358,4.7582,5.9003
5.5921,7.8341,0.6418
3.0395,7.0776,2.7916
0.3082,5.5317,1.5276
4.3672,4.9621,4.3995
2.1458,6.2663,0.486
4.0853,6.695,0.2202
8.534,3.7553,0.322
2.3394,4.8838,0.1953
0.583,2.2671,2.0861
2.8138,6.6847,0.7434
2.9359,8.0975,3.3748
6.6192,5.1201,1.5004
5.5703,1.8125,5.4019
7.839,5.9133,0.83
6.6431,3.6439,0.5004
4.0639,4.005,2.4373
8.1402,5.9399,0.0004
1.6697,5.3818,6.8787
0.2271,4.2678,0.0327
0.9005,4.0256,1.6931
7.2236,5.1888,2.0695
4.6188,4.3858,3.4422
1.6127,3.3361,0.7124
5.0104,4.5012,1.2296
1.5231,5.5094,0.5508
6.9632,4.7328,0.2479
4.4616,2.8797,2.796
3.8102,6.4836,2.2487
3.0151,0.8918,5.0527
6.3028,4.3305,0.6816
3.6181,4.0697,0.4627
0.8765,5.2223,0.4605
1.1801,5.8425,0.0451
9.619,6.6901,2.0918
9.0858,3.9314,0.0036
6.9971,5.8799,0.9643
2.6587,5.2937,1.2167
9.6918,2.4327,1.407
7.7875,7.8508,6.7035
7.1689,2.8418,0.0001
4.4936,5.6292,0.3907
2.7224,5.5849,2.6258
0.9639,5.4135,3.1304
9.026,4.2581,3.8597
4.5578,6.2409,2.7002
2.0236,2.6594,0.7023
3.0596,4.9013,2.4707
5.7922,4.1542,3.7447
1.7677,3.9841,3.1399
8.5661,5.6431,0.2644
7.5852,6.6162,0.5168
7.1946,4.4851,0.33
4.3209,6.171,3.8076
6.2731,5.0746,1.514
5.841,3.6609,0.7649
6.4985,4.6131,0.3597
0.8444,4.5508,0.1639
4.1581,3.955,2.5024
0.4161,5.6427,0.1804
4.9399,5.352,1.7344
3.2986,2.614,0.5879
1.4452,2.5227,0.2973
1.034,5.637,0.0084
5.8764,3.7771,0.8984
1.7059,5.4531,1.078
9.2512,6.1714,4.828
5.8106,3.0936,0.8975
3.4687,2.8827,0.3241
5.9092,7.5116,1.8908
0.228,5.5274,0.0809
9.5856,4.3711,5.835
4.823,3.5991,4.1496
7.8274,4.2343,2.6325
0.8273,3.2141,4.9742
4.8666,6.3251,1.2135
4.9071,3.8349,3.5474
9.3783,6.6403,1.2948
5.7173,4.3991,10.4492
4.7349,3.435,1.5218
2.6698,4.3605,1.7085
3.3157,1.0637,1.4807
5.2067,4.8188,1.9484
4.3891,4.7448,7.2182
0.2161,6.2371,0.2829
8.2629,2.1705,0.3889
8.9616,6.7428,1.4626
1.4025,6.2309,1.538
5.5404,6.8781,0.8989
1.0858,4.9209,0.2584
6.7224,6.5208,3.0373
2.8123,2.7931,0.5637
6.5942,6.0696,3.1893
7.2699,3.8433,8.8269
7.6865,2.5229,5.0014
1.0774,3.3138,0.4549
9.1601,5.0083,0.5818
2.3021,3.7636,0.7847
0.3741,5.5641,2.6972
5.5485,2.2876,3.1141
3.7092,1.8094,0.0999
8.2979,7.0586,1.076
8.0825,6.3557,4.2967
3.1714,3.4261,1.7461
9.529,4.9955,1.7743
2.9092,6.5293,0.5664
5.1506,5.6288,1.0543
2.5597,5.2223,2.3864
9.3604,6.6427,2.5932
1.6461,3.9039,4.0203
0.4491,5.0468,0.2038
4.351,4.9732,2.0669
9.9238,4.5909,1.6648
8.9168,4.4153,0.2954
7.4861,5.1093,1.3928
8.9079,5.0516,1.4049
8.9345,3.4274,0.2611
5.1886,6.2027,0.8156
3.1593,3.5354,5.1443
7.7201,4.6726,4.2616
6.6166,4.5571,2.962
3.7366,5.5372,0.8129
0.9447,1.8213,1.2667
7.4679,6.3364,6.4916
2.6246,3.9845,4.8742
9.3681,6.8299,3.5109
2.4097,4.2828,0.8504
1.2276,4.9267,0.3833
8.3111,7.8707,0.3306
1.5328,4.584,0.0607
1.7927,6.8583,1.5126
5.9938,5.0586,1.7724
8.7456,5.6231,5.5244
1.9643,5.1049,1.8779
3.1032,6.2718,0.4786
7.774,3.9717,3.0399
9.7183,3.5239,0.5167
5.0074,4.0421,4.3415
1.439,5.1496,0.1103
0.1394,4.6688,0.5903
2.2966,6.0654,8.0574
1.3182,6.9571,0.8502
6.7766,3.5362,0.0056
1.2183,3.8991,0.736
5.0633,2.8456,0.9319
6.9426,8.0456,0.5437
5.8112,5.457,2.5023
1.9978,5.7197,1.5343
8.0412,2.9897,2.2276
7.1541,4.9982,2.1349
7.3898,5.7639,0.0276
1.3106,4.6209,0.4559
1.2375,6.6136,4.0205
9.2756,8.4677,4.3124
3.9758,3.5794,1.3419
3.0095,3.4669,0.9528
4.8858,3.6834,1.0663
6.6286,7.4093,1.0799
9.5562,6.5635,4.9661
2.8645,4.7967,0.0439
9.2481,5.0548,1.7887
0.2486,3.7752,0.8276
5.552,6.335,4.1679
6.3398,4.4301,2.4216
1.059,4.6099,1.1813
1.4034,5.9132,2.5105
4.1911,4.718,7.846
9.6623,4.6476,0.7556
5.9604,5.0159,2.1251
9.3302,6.193,5.4146
8.0436,7.4697,3.2056
4.6738,5.8782,0.2205
7.8476,6.205,3.0467
0.1784,4.7002,2.0054
1.0914,3.9383,4.023
8.2943,5.981,1.2375
7.9682,5.2569,1.3478
2.3264,2.8661,3.1635
5.3077,4.5079,0.7441
6.0602,4.8757,1.6755
8.6774,4.2343,4.3824
6.0311,7.2226,0.1416
4.1257,5.7198,2.1164
3.7418,7.0598,7.5021
4.2588,5.3951,1.6001
6.5193,5.1221,2.9091
8.6749,3.5951,6.0792
4.539,5.0179,0.7915
2.4784,5.0196,0.0832
2.3666,2.9493,0.0368
7.4601,4.1907,0.683
8.1657,4.5151,8.5399
1.0528,5.6202,0.7901
0.6656,5.692,5.7163
5.9443,4.128,0.7595
1.4617,5.7033,2.8514
8.2466,4.7269,0.0596
3.1033,0.6956,1.6468
1.4387,4.2729,1.2327
9.2097,6.6185,0.1252
1.6553,2.4773,3.5531
2.8472,5.169,1.5482
1.5361,7.3779,0.445
1.1549,3.8591,2.044
0.2115,5.0032,2.522
0.554,3.044,0.5151
1.7464,7.4408,0.3837
0.5338,4.875,2.0026
5.9114,5.0699,3.7472
6.8071,7.0315,3.3661
3.9363,5.9922,1.2366
3.1799,3.6866,1.3668
5.0453,4.0291,1.7429
8.75,5.7424,0.0619
8.5113,4.0638,2.486
0.4348,1.8241,2.3526
1.815,4.9201,5.3433
2.3674,2.7797,10.1699
2.4939,7.4244,0.8154
5.7123,5.2652,0.6963
4.1626,3.6422,1.0733
0.4925,3.9521,0.4437
3.7361,2.1659,0.3818
5.2375,3.3508,1.3177
1.0167,6.5245,3.5281
8.3346,8.3477,3.3986
0.5196,6.0896,0.7888
9.2484,4.8619,0.1063
0.9911,4.3521,0.2279
8.4357,3.5653,0.3931
9.0265,8.0896,2.1889
9.7957,4.7169,0.837
8.0203,8.1734,4.2931
7.7948,7.0903,1.7341
6.4248,2.3888,0.2771
7.79,4.0011,0.0835
1.3455,3.9964,1.8953
5.3607,4.8802,0.087
5.1422,4.9095,0.9941
8.5757,9.4944,0.6118
4.628,3.3842,1.1568
3.8509,5.3435,1.2768
6.3956,5.9248,2.612
2.6646,4.9976,0.5141
1.3977,5.1653,7.4319
4.7788,3.4328,2.8551
4.1689,5.1597,0.8954
2.3257,5.7671,0.0128
3.6751,5.4914,0.7901
3.6639,5.8553,2.452
3.275,7.1189,0.5648
3.7946,6.4054,0.4029
6.8574,5.1069,3.3282
2.9688,3.2424,2.9815
9.4886,4.1,5.6517
9.1635,4.6706,0.45
4.8091,5.3785,2.5556
3.2836,4.2825,0.5244
5.3543,3.5964,4.3661
8.4856,3.2177,4.9853
6.5259,2.5232,2.2677
8.0439,4.6476,0.1112
5.3272,2.7955,1.5926
6.3292,3.4992,0.2116
2.8816,4.4091,0.1488
7.3489,2.9961,0.3906
2.024,5.5696,3.1583
6.948,6.1103,1.15
8.6072,4.1759,5.7663
1.321,4.3445,2.1672
6.1438,5.8061,0.5946
0.951,3.929,3.3439
7.2572,3.8259,0.438
0.8449,6.7947,0.3427
9.3594,6.3263,0.7355
1.3741,5.9023,4.4195
9.5888,6.3885,11.4493
8.0088,2.0341,0.0342
5.9368,7.0308,1.8111
7.8262,5.5881,0.8828
7.9511,6.5162,3.8329
9.4603,5.5807,2.834
2.5338,5.0734,0.2424
5.9008,4.587,0.899
0.9505,5.5507,0.0535
6.1617,4.5324,0.3509
1.7129,6.3018,1.8865
5.6495,2.6203,1.82
5.7243,4.1876,5.5425
4.6599,8.0672,1.3285
5.2263,4.0609,0.2493
7.6392,4.642,1.7285
7.9924,3.6761,2.3516
4.9215,5.5038,0.5683
5.9959,3.8956,0.4884
9.3124,4.7216,2.1633
1.1973,6.2733,0.1105
1.171,3.9519,5.2822
0.8771,6.1829,2.125
6.5786,6.2333,0.8347
4.1861,6.5824,0.9593
7.7432,5.2108,0.6301
6.7123,9.8619,0.0707
3.3364,6.5818,3.2204
8.9837,5.4873,0.4757
7.6253,3.6861,1.4478
2.7053,4.8544,0.482
3.6419,7.1395,2.7238
3.1444,7.5643,0.8171
1.5761,7.2175,0.7421
1.4778,6.1778,1.4115
9.3613,3.1165,1.4243
4.379,5.7307,5.9745
3.8332,3.1379,1.4688
7.2969,2.7688,0.3401
5.5299,5.3587,0.2956
9.3614,5.7848,5.4322
7.803,6.3551,5.4727
4.7937,5.7457,1.0575
3.7636,5.7974,1.8493
9.8663,3.523,0.4632
7.1776,4.8425,0.0291
9.5119,2.7393,0.7765
1.1848,1.9949,3.1549
8.5053,6.111,1.4032
6.3707,3.8703,0.6487
1.2192,6.3087,0.6865
5.8826,6.6625,4.1777
6.861,4.071,0.499
0.123,5.8855,0.2506
4.5432,4.0083,1.8402
8.254,2.2312,0.5271
2.9536,5.185,6.7219
4.5855,4.2937,1.6834
4.4231,4.3399,10.4036
3.0193,7.963,0.0566
9.1844,2.7112,2.806
7.8129,5.5743,9.5401
1.1059,3.5078,0.7213
9.9703,6.3624,2.5788
8.792,5.4476,1.0995
2.8391,5.569,0.0814
8.369,3.5827,2.0442
1.0642,3.8516,0.7261
9.991,6.3909,0.1312
6.6568,7.6562,0.893
6.5013,5.7205,0.8708
0.9044,3.6539,0.1639
8.9703,5.5084,0.7139
0.29,8.6412,2.7095
2.4083,5.1536,3.5511
1.4302,7.1928,3.003
7.7677,3.8895,1.8996
1.982,4.9369,7.0798
9.1064,5.9293,0.715
6.5627,5.596,0.8483
0.3616,3.8504,2.1943
0.0543,3.7857,1.3288
0.5166,6.4824,5.2844
6.0593,6.7873,2.9202
8.0148,7.2682,2.8441
2.3855,7.7059,4.1557
8.4941,5.2019,2.2341
0.5723,4.5332,1.3556
8.0096,7.0265,1.5645
9.278,6.0696,4.9519
7.7211,3.5263,0.0295
6.9812,3.4495,1.041
8.3798,5.7379,2.8255
0.4015,4.7341,1.9156
2.0178,4.9604,0.1733
1.2492,6.6088,4.1598
5.0453,6.1386,1.1599
7.4519,6.9948,2.1478
6.3001,2.1027,0.0527
8.5113,5.3801,2.8169
1.5521,6.042,3.2164
7.3462,2.7101,0.4251
1.9304,4.0177,0.7372
2.7076,3.7393,0.756
7.099,5.0325,11.4825
9.802,7.4418,0.6081
6.1154,8.0339,7.9205
0.545,3.7786,0.7224
6.1631,5.7898,1.0739
0.4235,5.8382,1.8165
8.8415,5.5814,3.9914
7.0958,5.5985,3.569
1.7313,5.4556,1.7025
0.9172,7.5314,1.5952
1.8353,6.6537,0.1116
9.8003,3.4098,1.4589
4.5856,6.1936,1.5051
7.8408,6.3386,4.0479
6.3641,5.4725,0.7807
5.7241,6.6971,1.0226
1.4513,5.2821,3.0181
9.4602,5.3007,0.5562
3.0134,5.1819,2.9634
5.7802,1.9726,0.2189
6.9978,4.8794,1.602
6.4923,3.9976,0.1066
9.4059,3.2203,6.339
1.4844,7.151,4.0122
5.0835,5.7563,2.3038
4.0403,4.9553,1.3518
4.7417,4.1528,6.3164
1.1922,5.4443,0.7162
1.3409,6.4872,1.2453
2.7808,3.7596,0.1962
3.047,4.9928,1.2761
4.279,6.3021,2.3874
6.1099,2.096,2.1065
6.3463,4.9136,4.8979
4.1181,4.3561,6.4656
4.0878,4.7993,2.9245
2.1763,4.2476,0.4559
5.8831,5.2064,1.857
3.1704,7.8854,8.6767
0.3606,4.5141,8.2276
4.184,5.4376,2.6824
4.7413,7.9921,1.0168
2.2559,4.175,0.8153
5.7246,7.722,0.4463
5.6577,5.008,0.1856
7.02,7.6728,2.379
6.4795,6.1253,2.7606
6.5243,5.4607,1.6915
3.1621,4.9016,6.5475
7.8743,4.0639,4.8464
5.4914,5.1137,4.116
4.3142,6.346,3.3607
6.2601,4.9803,2.5524
3.6066,4.5251,0.4244
5.1274,4.6238,0.8986
7.3671,6.4887,2.7816
8.864,6.8377,2.2471
9.2106,3.9993,1.1529
5.0363,3.9971,0.0877
5.2028,5.569,0.914
7.9987,7.2913,4.1124
3.1445,6.719,1.4071
8.3738,3.1222,0.9016
4.9414,4.6039,4.8491
1.1586,3.6041,3.6129
0.7206,4.5987,1.495
8.4199,7.4066,0.2635
0.5557,2.8661,2.048
2.8061,2.5717,4.1491
3.3413,3.7572,1.2047
1.7299,5.431,0.4673
3.1389,5.9311,3.9097
7.4269,5.6562,2.215
0.1468,6.7635,2.977
8.2717,2.3554,1.8562
8.5655,6.7825,2.1596
3.7226,4.5319,0.2189
1.5361,6.0972,4.5408
6.0084,3.0149,1.3932
1.1967,5.0074,0.8471
3.6492,5.3544,0.6945
9.5843,6.7336,3.0839
9.9546,2.6221,1.1713
7.721,5.0461,2.0437
3.1096,3.3721,0.8048
6.8767,5.7582,1.2528
7.0541,6.1658,0.6476
3.8784,6.9308,3.0573
6.4089,4.1975,4.8502
0.1073,6.3908,0.2313
2.0906,7.0414,1.771
5.2509,2.5351,1.5533
1.6375,5.9185,1.2883
1.6591,6.4378,4.8979
8.363,4.6119,3.6424
9.8913,3.1838,1.1903
5.5597,6.4144,1.4644
8.3907,3.2007,0.2451
9.9032,4.7325,0.0554
1.416,4.9398,2.3299
4.4825,6.0733,0.5993
3.9257,4.0601,0.982
0.8005,3.9731,4.2111
7.5533,5.1484,0.9349
4.3378,6.5096,5.0253
4.6933,8.4312,1.9446
1.5067,2.7388,2.2718
1.8093,5.473,1.0155
9.071,3.3702,4.133
0.4465,6.5282,0.0598
2.3285,3.5922,3.837
2.9206,3.988,1.5326
4.902,4.1161,2.2836
5.8645,4.8857,7.2957
4.9329,5.4848,2.2546
0.8412,5.7256,2.0946
2.4367,4.9913,0.894
8.4359,3.0052,0.3521
6.3759,6.0917,0.7502
6.4915,4.9206,5.1153
6.702,6.7426,8.5446
7.629,3.9384,1.2776
0.5811,2.5966,0.6006
3.6661,4.949,1.2574
5.3953,6.9439,6.0146
3.3846,5.2414,0.1402
8.4448,4.7005,0.1785
4.8257,3.6945,1.2525
7.6863,7.6366,3.7644
8.5202,3.4556,6.6466
5.0479,3.9119,3.1127
9.0955,5.8551,1.0927
5.8712,2.216,0.6915
8.5027,6.9119,1.9474
3.4059,5.9363,1.2034
4.9882,6.3488,1.0784
5.3141,5.8372,5.7282
1.0498,4.7583,0.642
3.9855,3.4053,4.558
9.1734,4.7899,1.8926
6.3083,3.5371,0.6663
1.7751,5.7292,1.5195
3.3886,6.2102,1.2561
1.916,7.2152,0.3456
0.2482,5.5577,0.1688
9.2746,6.3869,1.0104
4.4821,4.5543,4.6293
3.0754,4.2826,1.3082
5.9848,5.7105,0.0174
0.0731,4.4203,1.1436
2.7802,5.4038,0.2024
7.0303,3.4082,1.646
6.3377,3.6776,0.1042
9.8181,5.9531,0.7424
6.2036,6.33,5.3142
4.7751,3.5215,3.4844
7.6143,6.0059,2.8161
9.0333,4.2009,5.7268
7.207,5.0248,1.3803
9.6321,7.1254,0.1868
7.8201,6.2112,2.063
8.668,6.1938,6.4722
1.141,7.8632,0.9988
7.3241,3.9442,2.8794
4.4009,3.5212,0.8101
5.531,3.9168,0.7335
6.541,4.6182,3.9109
9.6982,1.4682,2.3725
9.8458,4.6889,10.6651
2.8823,4.1831,0.9589
7.3375,6.1756,0.1931
7.4998,5.5286,6.2628
3.4649,4.099,2.3561
1.2387,5.8849,4.279
0.4095,6.0849,1.9942
7.7734,3.8472,4.3876
4.897,4.2605,1.5283
9.8554,1.662,0.431
4.6497,3.364,1.4327
9.7792,3.8863,0.4754
4.1158,5.1112,1.5124
7.9368,3.5819,0.1486
0.8482,4.2298,3.7342
5.5546,3.162,1.739
8.0206,5.2567,1.9552
9.247,5.6386,0.9732
8.2258,5.6035,1.3215
0.3697,5.0185,6.2246
3.727,2.6884,1.0552
0.487,4.0701,2.0594
1.0928,4.389,2.4323
6.7531,4.3951,4.3925
7.1326,5.1125,1.2485
7.7372,7.1383,1.6338
8.6546,6.2181,2.007
7.3943,3.5187,0.4698
8.0087,6.0176,4.3062
0.4896,5.9605,0.9288
2.3454,3.7909,0.0727
6.219,6.2733,0.5549
8.5813,4.7594,1.5102
0.045,2.8851,1.1876
5.1463,5.6828,2.0757
6.7729,5.3254,1.0623
0.2961,4.6585,1.8528
4.0136,4.9438,3.8925
8.9563,3.9214,0.4056
6.7161,5.9152,3.4986
2.3766,4.9348,1.1638
8.5278,5.2497,6.8199
3.4803,5.5357,1.6567
8.5334,3.2681,0.2974
2.9894,3.6586,3.5595
5.9032,1.6851,1.9298
3.9694,5.8471,3.2558
2.7483,3.1817,0.2162
8.8656,5.1989,0.1458
1.8759,5.5565,0.2803
0.8481,5.9035,0.6352
3.4193,3.194,1.8819
7.1764,4.9023,0.6662
8.0743,7.5054,2.8459
9.9874,7.5715,0.1912
2.9636,6.481,0.2459
4.0794,5.5062,9.7426
1.3682,3.4923,4.0053
5.7487,6.0779,0.8201
9.9758,4.763,0.303
7.0088,5.8408,1.7984
5.9521,4.0507,0.2175
3.9237,4.7406,0.1153
9.153,5.2462,1.2228
4.9692,5.3694,2.2541
1.3437,5.7406,0.5381
3.6538,4.1312,0.8121
0.6717,2.9851,7.4379
2.0198,7.4372,2.4382
0.1767,8.7339,6.6327
4.5328,5.6711,2.5738
6.3454,3.014,1.5907
3.4329,3.8402,0.4412
4.2038,5.7637,0.0488
9.5921,7.0117,1.3503
7.5196,3.1807,5.3646
5.4086,4.8135,0.4002
2.8454,5.2939,0.3525
8.97,6.2969,2.9183
2.351,4.4846,0.2049
3.2534,2.6543,0.4504
9.0906,5.9318,3.9217
5.2954,6.6872,0.426
7.4232,4.8761,3.5759
5.9074,5.6079,2.2727
6.5344,4.2883,5.7723
2.9938,3.7313,2.2644
2.4137,6.5396,0.2199
3.2249,5.5812,7.6864
1.5544,5.7356,0.2264
8.7431,7.2532,1.1175
2.8325,3.4177,2.5919
5.6149,4.172,0.8835
7.9197,5.2369,0.5429
7.8382,4.1535,2.1833
4.3839,6.1747,0.3026
4.7626,4.7189,0.1567
9.947,3.5112,1.0461
6.746,5.0987,7.0717
8.1464,5.2555,2.1704
9.0255,6.402,0.4063
7.8759,5.5897,4.6246
1.8518,5.6917,0.1901
5.6217,5.4804,6.1972
1.0189,4.7177,1.9418
6.5292,3.9257,0.1668
9.5535,5.4333,2.7307
5.1273,4.5003,1.6792
4.3297,7.5347,1.5349
0.3584,7.0133,1.6041
9.5977,5.9493,1.2951
1.03,5.5677,1.0783
0.4108,4.8681,5.3245
2.4607,3.1083,0.8516
0.6553,4.6757,3.2105
4.5512,5.1521,4.384
5.1609,5.3442,4.6646
3.1257,5.7043,1.8399
0.5096,6.382,1.6395
1.116,3.9618,1.0491
3.845,3.9754,0.3714
0.6053,7.1763,2.6957
6.9819,6.1565,2.2887
2.0702,4.4138,0.8609
3.0207,4.8392,0.1305
3.9413,4.8459,0.1967
4.1661,5.0474,1.231
0.0166,5.709,1.3612
1.1207,8.8025,1.8653
8.6276,5.2846,0.561
0.0123,5.9939,3.6369
5.0817,2.4703,1.215
4.895,4.2727,1.1309
3.3309,6.8432,1.8921
4.3133,5.6035,2.0105
7.8058,-1.5837,3.3406
8.412,6.011,0.1575
2.6035,7.8772,2.2206
3.2249,2.0061,1.6711
2.4248,7.2791,4.9886
4.7986,0.8421,1.0441
6.8326,6.407,2.1761
2.2825,4.987,4.4465
3.3074,1.475,4.5708
9.3038,5.6692,1.2989
0.4857,6.7263,0.1785
4.6077,5.5458,1.5559
7.1156,5.8772,1.5749
1.5045,4.3825,4.8332
0.4737,2.2079,1.835
1.3821,6.0378,1.3132
9.1882,7.6246,3.7239
0.0926,6.6944,3.2808
1.8832,2.0182,2.9463
0.3128,2.7277,0.051
1.1063,3.731,0.3972
6.2015,2.6105,0.9218
2.4164,5.0663,0.8798
5.6921,5.5901,7.0097
5.902,2.8546,5.0784
8.4944,6.1657,0.7952
0.0474,5.9017,0.1485
8.5337,4.1778,5.1211
6.1912,4.7412,0.2019
1.6274,2.0753,0.6954
7.7294,4.5016,1.084
8.5549,5.0111,0.1951
2.5426,5.2531,1.4916
9.1879,5.5683,2.5991
4.5446,5.3664,1.4204
6.0342,4.6035,1.7379
9.8465,5.4293,3.2405
3.6154,6.503,3.731
8.1316,4.8568,0.0026
3.184,5.4764,2.8117
7.9921,4.7207,1.1283
6.0073,4.0299,4.9578
2.1636,5.7843,1.3171
4.1403,4.1672,0.4918
3.1764,5.5792,1.411
0.7811,5.0424,7.7436
0.2983,4.5441,2.2004
3.4648,4.5078,4.2266
0.1903,4.2378,0.6376
1.6549,2.5313,0.9765
7.2518,5.5743,1.7178
7.0809,5.3473,4.1987
7.3858,6.2745,0.8186
3.1715,4.2028,1.2899
8.9002,7.8431,0.0158
5.9383,4.4304,0.6288
1.2603,3.6873,6.5556
1.4372,3.5095,2.2192
6.931,2.3991,6.6684
1.7294,7.2989,3.5189
5.0729,7.0566,4.686
9.9177,5.9011,0.5628
0.0401,3.6559,11.5171
0.1658,7.7169,1.2329
9.9308,4.4724,2.258
5.8464,4.5965,3.6675
1.2691,7.1559,2.6114
8.973,5.9884,0.2195
8.8038,8.3017,1.6195
5.362,5.3731,6.1678
6.2179,4.4045,6.0673
2.7319,4.0823,2.4287
0.5052,2.2295,1.3041
5.9457,4.5821,1.7586
2.9476,6.7169,0.6657
6.6362,5.8983,0.5153
8.3625,5.0305,3.4914
0.1816,3.5076,0.5958
5.9571,5.3403,1.9721
2.3128,6.5192,7.2243
8.7389,5.6461,2.1691
2.5366,5.2501,2.4471
6.1077,3.8046,2.0418
5.5354,6.3008,5.6603
3.9617,0.3021,2.1058
6.7762,5.5743,0.4276
7.2577,8.8555,1.6709
5.6694,2.7374,0.632
7.5842,4.6379,1.6349
9.8342,4.9881,0.4883
4.1927,4.3061,2.0274
5.1458,6.5546,0.8988
0.1247,5.7087,2.7218
7.9603,5.2285,1.4178
5.2023,6.1959,0.5237
4.0796,5.0251,1.0949
0.9407,9.7698,2.1187
8.8966,5.227,0.6445
3.9501,5.2929,0.209
6.8258,2.4343,3.8684
1.4937,4.1848,0.6812
9.6155,6.7211,1.7897
1.7844,2.9968,0.9573
1.9954,1.7637,0.604
8.5898,5.0485,4.2129
9.1258,7.0561,9.0794
2.1215,5.0636,0.5358
4.698,4.4958,2.4017
7.3349,2.2123,1.4191
8.7837,5.6784,5.0915
3.7905,5.9919,1.8001
5.1702,2.3274,0.3176
7.4172,6.7018,5.0072
7.3114,6.1485,8.3964
7.8296,6.6985,2.1582
5.6993,5.8753,0.3543
1.0462,5.9805,4.84
9.0397,5.7811,1.077
8.6557,6.3027,0.622
7.981,2.2719,2.3695
0.9986,2.7484,6.6535
2.044,3.896,3.3741
7.436,4.8053,3.2089
0.2314,5.5822,0.3011
9.7922,5.487,3.5598
3.7714,6.6757,2.755
7.1931,6.7227,1.7393
8.8757,3.6914,1.6554
3.9463,5.3579,0.0839
3.1913,3.7283,0.1884
6.0874,4.7176,2.2984
5.8099,5.4827,5.4128
4.0914,-0.1131,2.5436
6.0177,8.6169,1.9213
9.3538,5.8496,0.4918
4.6764,4.1064,2.4827
1.9674,7.8911,0.0208
3.7721,4.4789,4.7061
3.9411,5.1988,1.6739
1.3111,4.2693,1.0929
1.6287,7.478,3.3849
6.8456,4.8425,0.9894
3.3948,5.2242,3.476
9.549,6.8057,1.3036
2.436,5.8777,5.7653
0.9892,4.9185,1.4957
7.535,6.6656,0.758
8.8104,8.8077,1.9746
2.7811,5.4761,1.9923
2.0209,5.1751,4.9481
1.8577,5.2559,0.7432
5.2201,6.9656,3.9095
4.6842,4.1012,1.3262
2.5944,4.5825,2.4345
0.4517,2.6938,3.4744
4.8149,3.2242,0.3771
9.5933,4.2233,0.958
6.5252,4.9161,1.1272
4.9551,7.6536,0.2834
1.1069,5.804,0.7473
2.5244,3.6319,0.3623
2.9477,3.908,3.9927
7.648,7.0621,1.8619
8.7671,6.6899,0.9598
9.0164,5.0422,5.8755
9.8457,4.3362,0.4834
9.8237,6.6874,0.8626
9.53,3.51,4.1915
0.7182,5.588,0.2169
1.3779,8.409,4.0078
3.0447,5.308,0.7274
5.529,3.8366,0.675
0.9698,5.6156,0.7722
8.458,4.295,0.5748
6.1676,2.9088,0.9407
5.4236,6.0516,1.7838
1.6531,6.6768,0.8292
2.5326,4.5336,3.8104
1.6031,4.4341,0.6009
8.5193,3.5577,1.1248
5.8423,4.7751,0.1224
7.3513,4.1564,2.3958
2.9603,3.4835,1.5433
3.7125,7.8383,2.8484
4.0485,5.6997,0.313
7.6001,5.8586,0.2166
7.7235,6.3251,3.1732
2.0681,6.1566,0.9348
9.4154,4.3803,5.4342
1.2066,5.4088,2.7361
8.9612,4.5965,0.321
1.004,5.6577,0.2619
2.6454,5.5125,2.664
8.4648,4.426,2.9485
1.7949,3.0061,2.5304
4.1357,5.2194,2.4221
4.4986,4.6936,4.8823
2.4526,2.1644,4.2821
7.1025,5.7615,1.2561
8.5133,6.448,2.8851
8.7458,8.7925,1.594
3.3932,4.4132,0.2805
5.3085,4.1919,4.9794
2.4841,3.3359,0.293
2.448,5.313,3.3183
1.6125,5.3035,0.2573
9.4002,3.7831,0.5253
8.8799,4.7376,3.3011
7.7736,2.032,0.7408
5.1766,6.3896,1.1673
4.9061,3.844,1.7252
5.2975,4.948,7.7734
5.3657,2.86,0.3392
4.3456,4.1265,0.4688
1.3175,4.5806,1.495
1.2566,4.9831,0.4953
9.5225,5.7196,0.8196
4.8203,7.1586,0.1637
9.5321,6.0991,0.3652
1.6358,6.4432,2.1944
5.5442,7.1692,2.7227
2.0772,5.8546,0.9137
2.5318,4.9449,1.0224
0.3005,6.5137,0.0929
1.1895,6.6095,3.6262
9.1685,5.9728,3.0545
3.2153,2.8181,5.1124
6.0813,3.7378,2.8154
4.6501,4.5877,0.3237
4.0045,6.1694,4.64
5.3189,4.968,1.8896
1.8724,6.7053,5.4541
9.886,6.9729,1.2379
8.1831,6.7988,0.2786
7.4161,6.8083,1.2453
4.6876,3.4445,2.0525
1.5288,5.724,1.2294
9.2067,4.0887,1.1723
3.4139,2.5264,3.1362
0.5011,4.5688,6.7707
3.424,6.9871,1.3007
7.9446,5.6911,5.5043
6.2271,8.0267,2.0907
7.5084,5.2658,2.2263
7.9364,8.6717,0.4842
2.1195,5.2663,1.3508
9.2378,5.0337,0.7127
4.3799,3.0809,1.0192
6.3901,6.6658,0.1176
0.0231,4.2468,1.3452
9.9337,4.0294,0.9552
2.809,6.9218,1.1691
0.6206,6.7373,0.4573
4.5826,6.6981,0.0876
1.2903,4.4567,1.8203
1.5233,4.9235,0.1822
6.3228,4.9102,0.2905
3.9293,6.1738,0.9517
9.2185,7.3303,1.5871
3.1916,5.5522,0.4665
7.2618,7.9623,0.1801
4.611,6.3458,1.226
6.5995,4.6478,5.0752
5.997,6.2431,1.6855
4.7278,7.5589,1.2802
9.5006,7.9974,0.435
3.4271,6.7803,1.9772
1.7724,5.0385,0.1453
6.7809,4.675,3.5017
8.4601,5.8641,6.9577
0.4025,7.511,3.6226
4.4963,5.6507,0.0181
8.9249,5.6818,1.5842
7.4962,5.0771,3.7917
9.9181,4.5082,3.5811
5.3141,4.7568,0.0151
6.6,5.2031,1.789
3.0248,7.5771,4.7402
9.4754,4.6404,2.2069
3.6634,5.0789,5.7336
7.3851,3.7019,2.5463
4.0314,6.0749,3.0363
5.6182,7.05,1.0591
7.1978,7.4367,6.4326
5.0893,5.305,2.0797
9.0709,5.8615,3.9534
4.193,4.7697,0.0565
6.4707,5.792,4.8576
3.4236,5.4709,0.8131
4.0816,5.0874,0.2356
4.4005,5.2066,0.943
1.2581,5.6779,1.1857
0.9172,4.5588,1.2777
6.6749,4.6363,0.4192
6.5552,7.561,0.2939
6.6291,9.0658,1.5232
0.1977,3.1934,0.2303
3.2655,3.1108,3.4975
1.9781,3.5643,2.9679
7.7815,4.8451,2.1638
8.6063,6.3437,1.0424
2.4668,5.8869,0.0869
6.6785,5.258,0.4953
1.2936,5.7934,0.1231
2.7515,3.9619,0.6843
1.3865,4.6338,3.7726
2.8352,4.9699,0.298
6.7474,2.6237,4.9329
9.1033,3.258,0.9829
2.0252,3.3177,0.1813
5.4208,6.1462,0.1896
7.0139,5.368,1.7112
9.5292,5.9166,1.6725
6.1006,2.2405,0.9667
2.5511,2.7746,0.1438
6.2548,5.9948,2.1366
3.2049,0.832,1.0998
9.7613,6.8369,0.3339
3.9968,2.265,0.3085
6.8543,6.265,0.8189
0.2323,3.6671,0.3675
4.0006,6.5734,2.9639
8.7511,9.8122,1.5795
6.1023,1.5902,2.8372
4.4394,6.0431,2.568
9.3594,2.2878,5.1572
8.5398,5.6402,0.8488
3.2222,4.6898,0.869
5.4455,5.1947,1.1406
4.8982,3.6325,0.6407
6.322,6.1708,1.3792
3.3411,2.8275,2.1656
2.4421,6.8625,1.0519
9.1267,4.3861,3.2524
9.2387,2.896,0.7223
8.4332,7.3924,0.0919
9.782,4.899,5.1784
7.4499,7.8615,3.3876
7.6467,6.832,1.7237
7.6259,3.8028,0.4032
4.8061,4.8725,0.4691
4.5645,5.1816,2.6254
2.4023,7.2895,8.3847
6.4482,5.6563,2.3861
2.8932,5.2644,3.0903
2.5781,4.7002,0.5669
5.8596,4.9242,2.6705
4.0998,6.9569,0.8877
2.1886,5.0056,3.9645
8.1606,4.4075,2.1523
8.6057,4.1532,0.9438
1.677,4.1694,1.9552
0.0751,2.8969,0.7451
3.3613,3.8744,0.3072
7.9751,7.2476,3.9473
8.3917,4.6901,1.9706
1.3833,6.0566,0.5695
7.7434,1.2819,0.3671
1.157,5.8525,1.596
3.9006,4.758,0.1089
9.9861,4.2778,0.4455
1.9259,5.2714,0.8466
1.5396,4.2563,3.3023
4.228,1.8142,0.7898
6.1967,6.3834,3.3609
9.329,5.3645,3.6832
9.8082,4.5291,5.2556
0.6964,3.5507,0.9946
1.38,2.7952,0.2263
7.9074,5.3358,0.935
2.7063,7.4202,1.7109
8.8485,5.3047,1.8633
6.6345,2.9259,0.3948
1.1184,5.3377,0.902
8.3253,4.92,0.613
1.7636,6.2961,1.7619
4.235,5.9101,0.6832
5.5218,0.5213,0.5037
5.0077,5.8179,1.3864
6.8616,3.4948,0.6843
6.5269,2.8674,0.1353
9.9204,4.7173,3.008
9.9942,5.6165,0.3351
5.1646,2.5389,0.0736
0.952,6.0569,1.3031
7.2784,6.145,0.485
9.7666,5.0705,0.1147
3.1833,3.6986,0.8786
4.6121,3.5309,0.7314
4.2478,6.5389,7.0973
0.5142,2.7332,3.9059
6.7226,6.5967,1.9441
3.5334,4.7522,1.4464
7.8746,4.8562,3.351
8.3212,2.4379,2.8347
8.2123,4.7799,1.0647
4.1667,5.9204,3.591
3.2155,2.9954,2.0372
7.4882,5.748,6.5035
8.0139,5.1335,1.6824
4.9126,4.0344,3.4408
8.9303,6.282,6.2703
1.4391,1.6966,4.8539
8.7907,5.52,3.1652
0.961,7.4292,2.7585
1.5353,7.1599,1.8223
5.3384,5.5847,1.7941
0.6752,4.5475,0.4226
0.5281,4.0463,1.548
0.0052,4.5456,1.2919
4.3632,5.8157,1.2638
7.7462,3.7891,0.0748
0.3484,6.1361,0.8304
6.5226,8.1997,2.3382
8.2313,4.9072,1.013
1.68,2.9834,1.5667
1.4686,2.9829,0.5873
8.608,6.1648,0.6228
8.2312,4.9104,0.1848
5.3894,6.3152,2.3615
8.192,4.1995,0.0502
0.9276,6.2459,0.4718
3.9448,4.7626,0.3796
7.378,3.9012,1.1828
2.5745,4.3985,0.5205
7.5233,3.2044,3.7785
5.0418,7.984,1.0031
7.5027,4.8554,0.9198
4.6468,5.9668,1.5372
3.679,4.1947,1.3591
2.1919,3.4221,0.2071
2.0838,4.6492,3.9152
7.5149,6.6518,1.1221
1.1891,4.2189,3.5492
0.8598,3.6942,3.2194
1.7629,5.2332,1.1727
1.7535,5.7485,1.8316
8.2311,7.4643,0.0942
3.9851,5.5306,0.1247
9.9039,5.966,0.4593
1.3721,6.0789,1.9902
6.5354,3.2705,1.3042
4.4873,3.555,3.7846
3.9292,3.3742,1.2821
8.7508,3.0018,0.6377
9.756,6.1932,1.9054
8.7286,5.4351,0.5202
1.923,5.1192,1.219
2.208,1.1109,3.4633
6.5607,8.0832,4.5732
2.8908,3.6586,0.0852
7.3473,8.0777,2.0836
5.6642,2.8261,3.6886
5.5091,3.7814,0.1473
8.2855,1.6957,1.1686
7.1053,5.5432,0.3255
0.2658,3.3481,1.0584
0.4946,3.3905,5.2417
6.0156,2.9412,0.4953
4.8619,6.166,1.1632
2.6018,6.0672,3.1057
4.1866,7.7181,0.7871
7.5791,3.9714,0.4302
8.2661,5.3282,2.0655
5.6122,3.066,0.9925
3.8537,4.4974,1.6012
2.707,4.2217,1.4227
5.2192,5.6967,0.2072
3.1475,6.5255,5.6339
5.641,6.4866,1.1627
6.7665,3.7358,0.6192
0.6608,6.4977,1.1321
0.0107,4.9339,0.6286
2.1228,4.5131,1.2183
8.9451,3.9372,1.6924
6.4629,4.1601,0.1744
1.7196,7.6135,4.3637
8.9026,5.4611,0.1896
4.6996,5.2619,0.2998
4.7609,4.6066,5.3842
9.3554,8.669,1.0901
0.5949,6.9575,5.8971
2.1518,3.9184,0.4594
5.8577,4.5896,1.385
1.9549,4.6786,0.9286
6.7953,5.2188,0.8914
2.1409,3.9482,4.2408
0.9916,5.6582,0.4516
2.0699,7.1781,0.8409
4.2273,3.0296,0.1636
1.7614,3.3078,3.2334
1.3469,4.2753,0.2083
8.6028,4.3448,0.1991
3.204,7.9977,0.4636
3.6076,6.5026,2.386
0.5527,6.4165,2.2774
3.5737,4.6035,1.8886
2.6481,4.5705,7.323
6.1049,2.8224,2.9348
2.0539,6.1726,0.8962
8.8837,5.7366,1.2071
9.2967,6.929,0.7011
0.9983,4.6838,4.0411
1.074,4.7873,2.893
1.1533,5.2551,0.709
6.1957,6.3378,1.2059
1.2197,2.7947,0.6122
8.5238,6.1041,1.4438
7.5427,4.9693,0.656
8.1981,3.412,3.3359
5.2606,1.8731,3.1785
9.9668,4.7953,2.8963
0.4418,7.1716,2.6092
4.0126,7.512,0.2615
3.2394,5.5331,0.2217
9.4865,7.943,5.3359
5.7686,4.9356,4.4149
8.0619,6.43,1.8399
1.7034,4.3232,1.1814
9.7863,4.2281,1.4605
4.9864,3.9837,3.2516
4.9367,1.9092,2.6233
9.7088,6.9306,1.1882
3.8073,4.0376,0.8246
3.9753,3.7978,0.3743
5.8475,3.23,2.7698
1.2805,4.6935,0.1405
3.2109,7.6452,0.3643
1.9321,8.1407,2.7812
1.0328,2.5087,1.4786
8.6614,4.4683,0.4293
5.8933,3.4485,0.2367
3.5867,6.4825,6.2594
4.0867,5.4299,0.2681
4.3152,4.0451,0.2789
6.3315,5.1089,0.4913
9.2677,4.2839,2.2342
9.3278,7.4214,2.1415
3.9149,5.8204,0.6037
3.2926,6.0047,0.5894
4.5105,0.9996,1.0371
5.6793,4.8998,2.7372
4.6182,8.1248,1.6679
6.5875,6.9892,2.2207
5.544,2.2294,1.2263
3.2072,4.5299,1.3736
3.4573,3.1977,0.1603
3.7859,7.5667,1.6703
0.9464,5.3664,0.2224
1.6606,3.8483,5.9592
7.2311,5.0512,1.2827
3.891,1.089,1.4144
2.1454,3.3726,4.9536
5.6267,5.0547,3.7506
7.5554,6.2685,1.8656
2.5742,2.088,1.9596
8.2679,4.4283,0.6677
9.275,6.5145,1.0485
5.9739,2.8228,0.0997
6.6895,5.3438,0.8382
0.5258,5.099,0.4178
9.4552,7.5716,1.6871
3.9248,4.6548,0.0421
9.239,4.7426,2.1118
5.7898,6.2824,1.8712
0.0462,3.0105,3.5104
0.3854,4.6687,1.3366
6.8042,4.3164,2.8969
5.6267,4.7916,2.6421
0.2653,6.2726,0.5653
7.4346,5.8312,1.6153
8.5215,3.877,4.185
4.9642,5.205,1.5515
4.6576,7.2357,0.9032
0.0547,3.753,3.5376
7.8665,5.2178,0.2688
3.3072,4.7103,0.4732
8.7876,4.9055,0.1326
3.7306,2.554,0.0547
5.6508,7.1161,0.6363
2.7034,3.8385,0.9585
1.6059,6.5391,3.4458
7.7491,4.0679,7.1084
4.9659,4.0617,2.9648
5.3649,6.8197,0.5533
9.6542,6.4908,0.1099
9.6358,5.313,6.263
8.5564,6.1417,1.494
1.8761,4.5672,1.6452
5.9427,4.9874,6.2153
8.7815,4.0076,4.0161
3.7446,6.3561,1.1961
1.0111,3.9599,5.0922
8.1096,7.2277,0.1978
4.8176,4.5262,0.1793
5.6439,5.0308,0.0368
9.8214,6.1381,0.3635
6.0721,5.0358,2.287
4.2498,4.5531,2.7797
3.6998,4.955,0.0317
4.1762,6.3407,2.0522
1.184,4.0057,1.6189
7.9475,4.8106,0.9767
8.3772,5.0154,0.6788
2.844,6.2969,1.0461
3.038,4.8502,3.403
8.7433,7.7124,0.3735
0.2397,4.7652,2.3144
5.2046,4.6435,0.0089
4.6368,4.7435,3.6316
6.9013,3.025,0.64
1.6339,3.4449,0.5038
6.6833,4.204,0.1749
3.7673,6.7037,1.4395
6.1871,4.9503,2.7364
0.401,4.273,1.174
4.6173,6.8398,0.0483
5.2225,7.3268,3.7819
2.1433,6.8831,1.4887
1.3962,3.7204,0.0209
1.8847,4.2571,1.4693
3.4414,7.7206,0.0512
0.9681,5.3617,7.2386
9.4732,4.5986,2.0343
4.0499,6.0775,0.2032
8.0897,6.5109,3.8915
9.7442,4.1428,0.5004
0.8074,5.3292,1.3117
6.5167,6.3898,0.6878
8.7141,3.2596,0.1029
6.3423,5.0185,0.0511
4.2903,3.3284,2.2868
4.3108,3.5246,0.525
0.359,4.1553,0.7839
5.346,5.7157,2.7485
9.9354,4.517,0.7573
9.5871,4.0274,1.925
0.404,5.0773,5.3072
7.058,3.2796,2.2761
3.0176,5.6432,0.423
9.0299,6.6971,0.5094
0.4511,4.8812,1.9904
9.3587,4.696,0.3319
8.3748,5.5602,2.5591
1.175,1.9573,10.2495
0.5982,5.8052,0.801
8.3471,9.6528,1.2563
1.5576,4.816,3.1974
5.349,4.8213,0.2223
9.1574,6.1154,3.8521
5.6745,7.468,2.4347
3.9723,6.4625,0.5068
4.4502,1.7666,1.5926
0.6312,5.8451,1.5511
9.6875,8.8579,0.8251
3.1065,5.9337,11.3063
1.8936,3.2681,2.9523
2.8605,5.4227,3.0182
9.6437,3.079,1.3008
0.9429,6.8492,2.6641
8.673,3.5662,3.0517
7.0784,5.1114,0.3599
8.3002,3.7133,0.6819
9.759,4.1803,0.6998
8.4215,7.2292,1.4447
9.4338,5.1552,2.6578
1.2694,4.1612,0.3286
7.9579,3.2822,3.7888
5.4568,2.1924,1.5994
5.435,3.1231,1.8447
8.9892,5.1679,3.6203
9.718,6.4704,2.1605
7.0484,4.1595,0.3001
4.8294,7.3558,1.6001
4.564,3.9237,0.7881
3.8634,4.643,4.0181
3.616,3.3806,1.9687
3.9151,6.4861,3.6532
0.8975,8.1463,0.6127
0.7744,2.3573,1.6705
7.7987,4.4808,1.9331
4.4607,6.8972,4.5817
9.3068,2.8296,1.6592
6.1222,5.85,2.2757
0.3518,6.8322,1.5494
1.5752,5.1173,1.1674
2.0582,5.8254,0.348
9.7574,7.6414,0.8122
2.187,7.9226,0.9364
5.1576,4.907,5.0886
9.3618,4.2014,1.5909
9.7719,3.62,1.1357
2.3636,6.4654,0.5026
0.4912,2.9423,1.4734
1.536,4.6211,0.6004
0.6333,5.154,2.4936
1.9512,4.2455,1.0125
5.6857,5.4197,4.8746
9.1245,8.8468,0.3026
5.3722,4.8176,2.878
6.2599,4.3469,3.0056
2.0187,6.523,0.2246
8.0058,5.3594,1.0757
6.1779,7.159,1.5439
8.6414,5.247,0.1285
9.4884,4.6274,0.029
3.479,2.3244,0.2508
0.9058,2.5704,0.0668
2.2593,2.2465,0.5542
4.3784,5.569,6.7281
9.4569,2.9566,1.5882
3.7831,6.8834,1.8569
7.7077,5.0454,0.2083
5.4048,4.6337,2.221
1.8281,3.7342,0.9532
3.2073,5.9334,12.1132
6.5319,3.7933,1.2706
6.7285,3.5219,3.9925
4.3476,6.7825,0.56
2.2865,5.5319,2.9583
7.2191,4.6476,1.369
1.6887,5.9621,0.3435
9.3667,5.0134,1.7541
1.879,5.5745,0.4406
1.0731,3.7747,0.4783
4.9765,8.1056,8.7826
5.1955,4.1306,1.0205
5.0819,7.334,2.2081
4.3667,4.7167,0.6929
9.9481,6.2106,4.0348
4.8628,6.1013,0.6563
4.7795,6.7203,4.0612
4.2177,3.7391,6.7225
0.6683,6.6135,2.9118
5.9296,7.7697,2.734
2.2797,4.612,3.4854
6.3761,5.0521,0.2961
0.5083,4.2148,3.5693
9.8139,4.4803,1.1175
4.6901,7.5671,1.5819
8.9676,3.4936,1.2044
4.7556,3.5868,4.634
0.6033,7.4164,0.8218
8.2221,5.9368,0.9467
6.4818,8.1806,4.5952
7.8176,4.3243,0.4821
4.2817,5.1894,2.1016
6.3794,4.009,1.0453
8.5623,5.215,1.7297
6.3107,2.3389,0.813
3.4767,6.0274,2.6455
6.6253,5.4852,0.2385
6.7185,4.9137,3.2086
9.6059,4.4145,0.5015
3.7091,3.6579,2.1911
4.2508,6.0916,1.0143
8.1212,3.2434,2.172
5.0576,5.7678,6.1858
7.3657,8.1117,2.0125
4.5971,7.2283,4.0886
2.155,2.7423,0.7811
7.452,4.1949,3.1863
1.3116,5.6322,0.5303
1.9858,4.8946,2.0055
6.2682,2.9009,3.1174
7.4727,5.578,0.0086
8.9469,4.985,1.1151
2.7259,7.8715,0.9755
1.1072,4.6202,2.2218
9.5605,6.752,1.126
1.5442,3.0994,3.5989
1.9767,3.458,2.467
2.9133,6.0825,3.4569
5.2939,6.6256,1.1348
8.8283,3.5639,2.8658
7.6055,5.0361,0.5479
7.0816,2.9276,10.9051
1.7518,4.7282,0.5741
3.5768,6.2554,1.4804
4.784,4.3476,3.9566
1.4743,4.6264,1.6134
2.7343,3.3053,0.9351
3.0833,4.0275,2.8056
1.2728,7.6372,0.3542
5.5024,5.1094,0.2941
7.0503,3.4965,1.0797
0.6993,4.5278,3.7888
4.8112,2.6039,2.5011
7.8221,3.4788,1.6686
7.4799,7.0405,0.4763
8.1507,4.7863,1.527
4.4824,7.8361,1.6227
8.2056,4.857,1.2317
2.4075,4.946,0.7983
3.6081,5.9613,0.8152
1.7636,0.9911,0.0767
4.6748,5.3074,0.902
3.9206,4.9265,2.2465
2.4093,7.2291,0.4668
7.5178,6.447,0.2347
3.1385,3.2995,1.6025
2.728,6.8632,3.1995
1.3089,4.6065,0.0963
4.3882,3.6433,0.369
3.0296,5.2957,1.6699
3.6927,4.6958,4.8804
2.36,7.3077,1.7081
7.6316,5.5109,1.4605
9.3,5.3085,9.3145
4.9793,6.351,4.4176
6.43,6.6393,1.0755
8.6717,6.1754,5.8328
9.9883,7.1292,2.7334
6.1352,5.913,0.7768
8.8978,5.2515,0.3466
9.0861,6.8588,0.4591
7.9145,4.8637,1.1154
4.6093,5.0499,0.3238
0.8115,7.5824,6.169
0.1581,7.4329,0.5955
4.772,4.9877,5.0986
4.9431,4.3197,2.13
4.0736,7.1948,4.9084
5.6817,6.2006,0.1991
5.5216,5.4734,1.5891
8.3661,4.5172,0.4951
1.0866,5.4975,8.3161
2.2518,4.9674,4.2474
7.93,4.0035,0.6477
8.4784,5.1936,6.3919
9.9482,5.3981,2.7126
8.7291,4.4369,1.9151
8.899,6.3557,3.8439
3.1435,6.9332,1.7578
4.0166,6.4548,3.6771
2.6809,4.5856,2.1586
6.063,6.1337,0.1354
9.3881,5.1169,1.0434
3.4464,3.1464,1.7353
5.57,6.0091,2.2089
2.963,5.2192,0.3998
1.698,8.8903,2.7844
1.9519,7.1859,1.9237
0.5795,6.0667,3.4305
9.4929,5.3738,3.9197
4.0288,5.2456,4.8459
8.3412,3.4945,1.0077
6.8133,2.3915,1.0318
1.9192,3.6912,3.5785
1.7546,4.9284,0.234
8.1199,1.8417,1.6672
2.6471,4.1835,0.3786
9.1329,4.6286,0.8303
1.4006,4.6769,7.3391
6.7771,4.0074,0.4167
8.1447,4.4877,0.4021
2.3526,7.5858,2.2825
2.7621,5.9932,0.0539
9.6452,4.1595,0.2211
2.646,4.8975,3.08
4.2996,4.9575,3.0383
4.3252,3.8481,0.6636
2.5303,3.8463,2.7612
7.7579,6.5158,1.7539
7.7185,4.3703,0.0233
3.7832,3.358,0.0084
8.3513,4.9353,2.3884
2.1307,5.177,0.718
0.0431,2.0409,1.2622
5.7117,4.9389,0.0445
9.9408,6.302,1.9211
0.3864,5.6768,1.4082
2.08,8.3447,1.8743
5.1891,6.8767,0.5487
8.0994,7.1734,0.0717
0.8904,9.2001,0.2954
3.9523,6.1372,2.8404
7.4708,5.2446,5.5165
3.7154,6.4606,0.374
1.8884,4.1611,4.5748
1.955,5.1615,2.043
4.1005,4.0284,6.5937
4.7942,5.597,0.1655
8.6181,4.0221,2.1364
6.4225,3.9696,2.6515
6.904,5.6202,0.2667
9.8299,4.7934,0.2924
4.1184,2.1087,0.9565
4.0335,2.8167,1.3678
9.2335,3.2791,2.6683
2.4588,3.6755,2.4543
7.2982,5.6216,3.0785
7.5457,5.3284,2.7419
0.9779,6.5979,0.4805
4.6823,6.1292,7.9237
2.0056,6.6079,0.6221
1.8538,5.9126,1.758
4.6383,5.3145,1.9539
2.8943,6.649,3.7745
7.9606,6.3791,3.8424
9.076,5.5641,1.1675
8.0272,6.9066,2.2744
2.6603,1.4813,0.1519
2.7413,4.5643,0.4558
2.5473,4.5413,0.1863
1.3504,6.729,1.2663
9.438,7.3571,3.2294
4.0205,2.8247,0.8138
2.2469,7.1168,2.085
8.4667,3.2428,0.9453
3.992,3.2882,3.8637
0.3512,4.6486,3.2383
1.6194,4.5227,4.4516
6.3925,2.6624,0.4588
7.8291,5.9748,0.6389
2.1093,6.0191,0.1091
9.174,6.5811,0.2707
8.51,4.3498,0.5642
8.4838,4.9406,3.8141
2.2766,4.9544,2.7411
0.5054,7.532,1.3076
8.6742,0.7486,2.4644
3.058,3.5646,2.553
6.1892,5.0083,3.4451
7.5997,3.3716,0.6787
1.2829,4.6125,0.0877
7.8084,4.8109,1.6602
9.3851,4.0135,1.2106
7.2837,5.0967,0.704
4.4122,5.9422,2.0217
8.7668,4.6456,1.2795
5.2746,4.3202,3.3406
7.4477,4.7514,1.0552
8.2051,4.9888,0.253
7.4935,2.3895,0.0417
2.8785,5.6923,0.6515
1.1784,4.3235,1.0022
2.3834,6.8923,3.7419
5.0287,5.8866,1.1711
5.0528,6.7551,1.3401
5.8264,3.4835,0.4523
3.951,4.4429,3.4535
7.8689,3.1363,3.0458
9.1315,3.9422,8.1917
2.4673,6.8782,3.8485
7.3652,7.2312,5.5094
6.7797,3.2778,0.2254
5.2309,4.3126,3.6021
1.8853,4.8857,0.0737
7.9523,5.8784,12.0746
9.6063,2.3603,1.2004
7.2184,2.5955,0.332
9.1786,5.7344,0.2792
9.8419,2.0764,5.2788
3.5205,4.3298,1.6331
6.3822,5.2431,0.0107
4.7393,5.6235,2.9582
9.8663,4.7874,2.9196
0.9381,4.4514,1.4884
4.1237,6.2669,0.4265
8.7554,5.4278,0.4429
2.8405,4.0295,0.9367
7.8779,5.0566,1.5593
3.8278,5.5748,7.72
9.7998,7.5774,2.0234
8.8353,6.1795,0.4816
3.0132,6.8218,1.9055
7.7019,4.0841,6.6209
3.3686,4.2137,0.4816
6.0636,4.6469,0.4338
6.5848,4.7846,0.0664
8.296,3.488,1.7504
0.2445,6.8989,0.0944
2.2016,6.325,10.4167
7.1192,4.5415,4.5454
5.6352,5.9626,0.3013
4.9561,5.3343,0.5471
0.5521,6.0797,0.5995
3.4828,2.9835,0.2198
8.651,4.7815,3.2706
0.3089,4.9129,3.0159
3.9644,5.9355,0.6231
9.4515,4.0573,2.9886
0.5088,1.2501,2.1888
7.4971,3.3775,0.7895
2.5761,4.9084,1.2291
8.6661,5.0958,6.5182
7.4607,7.5256,6.4027
8.8571,5.8741,3.7496
2.1592,5.1223,0.6207
5.3129,4.9514,1.821
7.7927,6.6563,5.1752
2.457,4.1148,0.6068
2.3075,4.7896,2.2825
0.2718,3.3661,0.3455
9.5852,7.1284,1.703
7.1002,5.5887,2.9807
6.3556,3.9387,13.8251
7.4399,4.8283,1.4109
5.3161,5.7645,6.6588
4.7613,4.6239,3.9566
4.4953,4.1983,2.4587
6.4044,4.0186,1.1472
2.0153,5.5084,3.9689
8.8806,4.4629,5.1411
8.1175,4.3194,0.9861
3.4956,2.9959,1.7098
5.7861,5.1165,2.0598
1.4103,4.7282,6.1969
9.7235,4.5175,1.3914
9.0289,5.2982,2.1779
9.219,6.122,8.3947
3.3216,6.0523,4.6174
1.6913,5.8291,0.3441
2.1177,4.639,2.1388
0.9,4.1495,5.8884
1.2011,3.4341,1.3594
0.713,4.1103,2.3207
9.8982,5.0295,5.9922
0.7406,3.8206,1.7371
1.3254,5.1441,3.3206
8.2725,3.5518,0.2504
5.8024,2.5085,2.0988
7.7442,6.2291,0.4958
6.3091,4.2884,2.48
8.8218,3.7444,0.7286
6.3847,3.3592,0.4611
5.2213,5.6346,1.5707
7.1275,7.0624,3.1627
4.4739,4.3954,4.8282
3.4606,4.6767,0.517
4.6765,6.6074,0.5553
1.6971,2.2843,19.1227
7.9657,7.9503,1.7249
2.607,8.6662,1.0063
1.5353,0.9405,0.4998
2.4635,4.8537,2.7354
8.4207,3.9216,0.9513
3.302,4.6028,1.7081
6.8605,4.3724,0.0227
8.5641,6.2176,0.355
0.7774,4.8311,0.2769
7.6502,3.6336,1.1977
3.0767,4.7417,1.9153
2.1662,5.7722,0.8741
6.889,3.2244,0.5011
9.098,2.5306,1.383
2.9502,7.9891,5.4699
5.6883,4.0364,1.4467
2.8983,4.794,0.5467
5.5429,4.4033,0.7033
6.2186,5.8221,1.0374
6.1034,7.6592,0.1084
6.2355,5.8699,0.9306
1.3508,2.7225,1.2352
6.9354,2.9238,6.1249
6.7475,4.4016,4.9985
6.8259,4.5977,1.7228
0.7407,2.4171,1.1394
4.4684,6.229,0.6068
4.0904,3.3705,1.1104
0.8671,7.24,0.1851
2.2237,7.7309,0.5346
4.4096,4.6276,1.7204
7.4291,5.6585,7.7714
2.3706,3.1521,4.1808
8.2975,5.9355,4.065
5.458,4.2527,2.3015
7.6042,3.3691,8.1163
4.7256,4.566,0.9147
4.9919,4.3014,0.2739
6.1972,4.5123,0.4082
9.2797,6.4245,0.0821
4.9181,3.822,1.3323
5.2866,7.6025,3.4354
6.02,3.0124,1.0666
7.3752,7.4231,3.3727
0.7185,3.4752,1.6558
5.1569,4.9985,0.5541
4.8159,4.2647,1.2267
9.2168,4.4844,0.0843
4.9351,6.202,0.4381
4.6832,7.2497,4.0963
9.622,6.7858,3.3212
4.5058,4.3927,4.8688
1.8088,5.2764,2.3703
2.1692,3.8269,0.4505
0.9519,3.5127,8.1498
0.0057,3.2805,0.2746
4.3195,4.3436,1.0309
7.6924,5.3744,0.1387
7.3347,2.1323,1.3238
0.3215,4.9305,0.2328
5.6998,7.274,0.5791
1.5428,6.6829,3.1404
9.4108,4.1222,0.696
1.6736,2.9047,0.0423
6.2664,5.6897,2.4136
3.2624,1.5239,1.0469
6.4156,6.6652,0.5255
4.1226,4.6796,1.4764
7.5964,7.747,1.0922
2.3068,2.4096,3.3955
9.0579,6.3772,2.0176
5.0021,4.8492,0.9997
7.5609,4.5034,0.2543
8.4973,2.9452,0.5243
9.9883,5.8936,1.5361
2.2395,6.0142,3.0091
2.8689,7.6777,2.5337
2.5043,6.5121,1.2269
2.6287,4.1092,3.4334
5.8244,3.4942,0.688
9.9352,2.9473,0.1665
9.9028,7.2098,3.2506
5.2677,3.8327,2.9016
6.3903,7.2203,0.4414
8.5997,5.7876,0.5351
9.3293,5.4949,5.5078
2.0386,4.5397,2.9165
5.2854,5.991,0.6858
8.3284,4.9768,0.5213
3.032,4.4462,5.7449
4.3981,6.044,2.6491
9.8562,4.784,0.2301
9.8505,3.8025,0.1967
9.0611,5.8997,1.2258
7.9845,4.904,2.7052
2.6913,5.7334,1.7137
3.2085,4.3192,1.017
5.4728,3.1863,3.5948
5.6078,7.6026,1.7664
5.055,7.3199,2.8053
6.3667,6.3257,0.0756
4.0832,4.4183,2.752
7.4917,4.5495,3.7067
3.3355,7.0735,5.1214
3.3068,4.4693,1.0864
1.2723,4.0512,3.3363
1.8871,7.8084,0.3378
8.5052,4.9285,3.1265
4.4628,7.6526,0.2098
2.2787,2.9024,4.5338
7.5934,5.7773,3.2533
5.5398,8.1066,0.2794
0.2116,5.0446,0.6077
3.1636,4.604,0.1166
1.77,3.2484,2.4745
6.5587,6.6235,4.6239
2.7503,3.8448,2.156
0.6495,4.8578,0.6681
0.5493,3.1482,1.253
5.8173,7.3353,5.929
0.2172,6.7323,4.1048
8.4879,4.9526,3.1963
1.554,3.2688,3.2012
6.0657,7.3039,13.6418
4.4469,4.4511,0.7008
4.4285,3.3422,3.3799
0.718,2.3568,0.3062
8.0275,4.0311,0.9459
8.9305,2.818,1.1939
0.1102,4.0658,0.3868
1.786,6.1166,1.6807
9.039,4.4369,2.3273
5.4949,5.5335,2.6825
1.5004,3.915,3.4987
2.0279,5.0978,1.4779
6.5999,7.8814,1.6598
7.2482,4.4773,0.5145
5.9943,5.5766,5.4271
9.5315,2.6517,0.893
4.9406,7.2802,0.1634
3.0027,4.2842,1.1937
4.7723,6.5758,1.7729
3.5967,4.8152,5.8055
2.2442,5.9174,0.4708
0.4596,6.0065,1.9518
3.5221,4.3213,1.2061
7.1141,6.6379,0.2295
0.1844,3.8615,1.3656
4.3918,6.1669,0.1199
6.4401,4.4147,2.7018
6.104,5.5243,0.2008
7.7665,4.307,1.3322
8.1052,5.075,1.1093
7.1171,3.388,6.3835
1.028,5.3713,1.3144
4.7502,5.0663,0.6518
6.0341,4.1898,2.279
2.4557,4.9175,0.239
0.4255,5.201,1.0532
2.2359,4.0755,0.6931
4.5489,4.8069,12.4499
4.1393,3.4917,0.4296
1.7667,8.5186,6.1091
8.2442,6.5887,0.3203
9.2569,5.4096,0.9879
2.0135,6.7582,0.4012
9.2957,2.0311,2.5539
0.1786,1.1635,3.4594
9.2496,4.4011,0.5379
9.5193,2.9322,2.1315
0.1205,4.6451,2.4033
7.6302,5.3085,1.1379
9.702,6.3806,1.9396
9.059,3.2926,1.2766
9.7071,5.5994,4.5403
5.5032,5.0216,0.663
0.7816,5.5213,0.3253
8.4979,4.2203,2.3884
6.1383,7.0747,1.4255
6.1474,4.8447,2.6751
4.1725,7.6613,0.3567
5.7184,3.8144,1.4485
1.5358,6.1142,0.0547
7.3977,4.9105,1.0054
0.7502,4.5084,1.0628
7.2978,5.9485,1.2585
8.4898,4.5512,2.3566
4.7247,1.0071,0.0121
5.0983,0.4057,8.5012
3.1221,6.9086,1.6279
9.6946,6.8454,5.301
7.3312,7.831,0.7892
3.6899,4.9737,0.4263
1.7481,3.061,0.4288
2.1958,4.3706,2.871
4.6392,5.0171,0.3573
9.4257,3.4894,2.9434
7.3415,7.4729,0.0687
2.1524,8.3593,2.3285
8.5956,5.7174,0.2086
3.782,4.9837,2.2789
8.5172,3.0575,0.1701
2.417,7.3197,0.2083
6.1866,5.1145,2.9507
9.2667,4.5663,3.524
2.5789,5.7218,1.6555
6.9293,4.1214,1.2925
9.8731,5.2203,1.5249
1.506,2.8363,2.2341
0.884,6.6306,0.7744
6.742,4.8434,0.7022
3.3974,6.7382,4.5947
0.7124,4.6983,2.4835
4.7531,4.7957,0.8536
7.5377,3.1815,0.3401
2.8512,6.1396,2.4297
3.3505,3.6862,3.8168
8.457,4.2704,2.5148
5.2007,5.0016,2.5398
8.4273,5.1818,1.6116
4.4639,2.4409,0.0551
9.5298,4.6538,0.124
6.5079,6.1928,0.2452
1.159,4.4325,0.5764
8.8509,4.6629,2.9077
4.8927,5.2436,0.2532
1.4164,4.8111,0.1535
1.5269,3.4542,0.5351
6.8753,4.9455,0.4304
0.4737,6.4911,1.5529
2.8659,3.4232,0.1042
1.3979,4.4383,1.0135
4.4108,2.9276,4.5817
4.1435,6.4121,2.1696
5.2188,4.8615,6.5246
2.7964,3.7247,2.6056
0.3204,5.1384,0.6557
6.1439,3.1946,3.0094
3.7372,3.4498,3.2587
6.5133,2.8098,2.1159
1.0867,3.3998,3.0042
0.1378,7.036,5.6946
2.4829,3.9003,1.401
4.5655,5.6993,0.224
3.9407,3.7455,1.0047
8.103,6.1393,0.2426
3.7784,3.4609,8.2908
5.3044,5.0588,0.2374
5.9352,5.0793,0.5438
0.2183,8.4917,1.9472
5.1513,5.9456,2.8854
3.4483,4.1106,3.075
4.2128,6.0276,1.8528
1.0029,8.2073,0.366
7.8282,2.5555,1.1566
9.424,3.7363,4.8535
0.2227,4.6447,1.4499
6.0137,4.3744,0.0282
7.6384,4.5009,1.5388
2.8481,3.0437,0.0568
7.8756,7.1059,1.7417
6.3236,2.8661,8.4654
9.2916,4.6997,1.4194
9.81,6.5687,1.8668
0.4235,4.9547,2.7574
4.4494,3.5309,0.6474
5.4699,2.977,0.2135
1.4674,4.655,2.0568
3.3629,3.8645,0.8249
9.8765,5.3078,1.7697
0.1623,2.8978,0.8279
4.5251,6.2196,4.8604
8.4265,5.1733,1.6503
3.239,5.2848,1.8824
4.798,7.1616,0.2601
9.7805,4.3433,1.1394
4.7488,3.9113,2.2417
1.3092,4.1784,1.3371
0.5172,4.7112,0.6278
9.4542,4.8636,2.6002
2.6581,3.754,5.8652
5.0406,1.9654,0.3927
0.907,4.1586,2.7191
4.2366,5.5397,0.0325
9.3011,5.2044,0.1347
5.0241,6.7993,2.9858
9.7114,7.9332,0.0881
2.5884,6.139,0.1027
5.0455,7.0738,0.8021
8.5953,6.1502,2.7051
4.4825,7.5648,0.0096
2.7949,7.7763,2.8986
8.5548,6.4267,6.4169
3.8989,6.0596,1.0269
5.3072,4.6922,2.4235
9.7653,4.938,5.9445
1.8648,4.4932,0.1503
3.014,5.9319,2.8538
0.3107,3.9195,0.3043
3.9184,4.7133,1.9491
2.0018,1.4672,1.351
6.8003,7.5846,0.3435
1.8132,4.6693,0.346
6.7481,5.6834,4.0102
2.6348,7.1867,0.5797
3.5522,5.4504,2.3401
3.4886,7.1665,0.2055
7.1675,3.1374,3.368
4.6651,8.5961,0.9701
3.613,6.6307,2.5081
8.5262,5.3138,0.9739
5.7195,7.1376,0.2696
2.1383,3.247,4.7923
9.0009,4.5671,0.0452
3.4265,7.1664,4.5182
0.3898,2.1994,1.6735
4.946,5.8407,1.3026
1.2394,5.7983,4.2985
2.3847,7.9538,2.0924
7.4711,2.6256,8.4279
1.3075,7.4144,4.4264
8.0694,4.1608,2.733
9.3691,4.3295,1.7133
6.0653,3.167,4.4298
7.1036,3.3682,0.9203
7.1359,5.6053,0.1644
9.9281,3.3315,0.2077
3.4154,6.1104,3.8284
1.6286,4.0056,1.2709
5.1917,3.1804,1.9983
5.3325,4.2083,0.3856
1.7791,5.5051,0.9508
6.1311,4.584,6.3059
0.1412,5.0513,1.4804
9.2767,6.0443,0.7561
2.6457,6.6236,0.1402
0.3956,4.5349,0.6893
1.0825,3.4337,1.8705
2.4025,5.1141,1.5406
2.7391,5.706,1.2349
0.3281,2.8089,4.0941
2.7935,3.6641,1.2696
1.9294,3.9212,0.3858
3.7862,4.6883,0.7191
3.8517,3.8584,3.1124
3.3901,6.0606,0.1395
3.2792,2.5923,4.7652
0.8973,2.6304,1.253
0.252,4.4992,2.6199
2.0211,4.7365,10.5521
7.5665,2.818,1.8717
9.9081,4.0899,1.0922
9.2853,4.3984,0.0771
5.0422,4.4101,1.1573
5.3182,5.2278,1.471
3.1458,4.0076,0.827
7.7394,7.2168,2.0082
7.6476,5.7323,0.1465
8.4427,3.7893,3.8909
8.955,5.1418,1.7778
4.3435,5.186,1.1361
7.6688,6.8221,0.9943
8.064,4.0994,2.3944
3.0846,6.151,2.0827
9.2924,5.0628,0.166
0.9434,7.2373,2.4531
9.9427,6.9363,0.1505
7.7009,5.2955,1.0229
0.9327,4.6066,0.8472
6.5623,5.7599,1.431
0.3418,4.7293,2.4107
7.7019,7.5205,1.8172
7.9922,5.1177,0.1911
6.0241,4.3915,3.3083
8.5686,4.3106,3.2587
0.9788,3.1804,1.7858
2.7592,5.8348,0.4806
4.1418,3.77,0.4283
0.4246,6.6472,5.5749
4.4822,3.0606,0.3426
2.6521,5.1909,1.8288
3.9274,6.7253,5.519
4.251,1.7716,0.6769
8.7941,8.0274,0.3376
2.7034,4.3621,0.6813
8.9374,5.2116,3.5489
4.2597,5.8572,4.203
3.2781,6.0892,0.9703
5.0251,5.4108,1.5329
4.1774,6.4961,5.0997
2.5737,5.7786,0.4712
5.0268,7.6413,1.1406
1.518,5.7835,2.532
3.5193,7.947,6.0924
5.6579,6.3516,5.1075
4.1341,2.2914,1.6381
8.2391,8.9167,0.8689
2.5672,4.1385,2.411
9.6977,7.2433,0.2962
7.8472,5.0402,9.8629
9.6759,6.5916,0.6149
8.3814,3.9673,1.5955
1.421,5.9386,0.0221
5.2646,4.6202,1.1304
1.6998,7.3685,1.4173
8.1823,5.658,0.825
5.8416,6.4039,1.4057
2.6345,1.7539,0.2576
9.296,4.8716,1.6893
1.1519,5.6158,3.9559
5.6386,5.3354,0.6
7.2104,6.4417,5.0487
0.5885,4.4511,0.8013
5.9786,5.0732,0.8652
8.159,6.7718,1.4557
0.6753,1.582,1.2218
5.1224,5.884,1.6225
2.5856,4.4992,3.8814
6.6292,3.6315,3.5526
1.1868,5.5048,0.5538
9.3705,6.8412,1.0741
8.9473,6.5587,4.1075
1.8597,4.7973,0.1163
3.2327,6.3136,0.3631
5.8763,6.3021,0.16
7.1806,4.8689,0.8587
4.4266,3.9604,0.9049
1.5629,4.0471,0.012
1.0415,6.2568,2.2273
9.9977,4.9368,4.7056
4.5535,3.4307,1.1662
8.7253,2.4727,0.3294
4.8238,6.2477,4.477
9.2236,4.1798,3.6969
0.8776,5.4956,1.5591
1.1402,6.8596,0.1049
9.2963,3.0366,1.4412
9.4749,4.9323,1.1368
3.1472,4.744,2.2828
3.5516,5.5696,4.853
4.5245,6.8587,2.0912
4.1616,3.0058,4.0085
1.9005,5.8547,4.1425
8.9838,6.5473,2.4176
2.5331,4.7204,1.751
7.0527,4.7938,0.0104
0.6716,5.6277,1.2931
0.3875,5.5172,0.4664
6.5373,5.8735,0.8245
3.3902,5.8419,0.5716
6.5546,3.527,3.5261
0.9402,6.4854,0.0174
9.4985,6.7502,1.7823
7.4851,5.2791,0.0553
8.7627,2.7588,4.5934
1.3647,4.8279,8.784
3.2016,5.2916,0.9709
3.6834,3.2831,6.873
5.3717,4.4598,0.0374
2.9687,2.8859,2.9701
0.6063,5.9109,2.6484
3.6888,5.2489,4.9776
2.5455,2.5313,0.1795
3.8592,5.5272,0.0655
1.9696,4.9152,4.3286
2.619,5.7746,0.6794
6.2695,4.4127,6.528
3.8815,3.7978,4.9143
3.4538,3.8437,0.5845
5.3391,4.1927,2.6588
7.7186,5.0282,0.3571
3.7887,5.2219,0.4332
5.8752,4.7139,7.3143
9.662,4.365,2.7942
5.2198,4.4729,5.0328
9.098,8.7616,0.7866
7.9367,3.8439,1.5106
0.5872,4.163,2.2418
4.291,9.9408,1.8832
6.9832,5.6315,3.4097
9.8671,2.93,0.9807
4.5838,6.264,5.0305
0.9279,3.6349,0.761
5.6201,6.3636,1.0054
1.2656,4.6836,4.0526
7.5152,4.3403,1.1526
5.0768,7.4137,1.9167
7.2343,5.8496,1.7808
8.6936,6.4595,0.5965
6.2895,5.6524,0.232
6.1244,4.3333,2.4321
7.5457,5.917,1.6123
8.4246,6.8138,2.7842
8.6905,5.2021,0.168
0.3643,7.7025,1.4692
5.5619,6.2757,0.4547
2.1627,5.318,1.2984
8.6035,5.3772,0.6778
6.484,5.2059,0.4244
4.2022,3.1231,0.0894
1.881,4.8649,0.5613
3.3902,5.3318,3.9902
7.0378,4.3759,0.4023
2.0436,5.5065,1.7469
0.9358,5.032,5.2798
8.8803,6.1605,4.3111
7.6421,5.9947,0.6394
1.9979,5.2507,0.7065
2.9231,2.9492,0.1196
9.7207,7.6861,3.0902
7.0818,4.7872,4.1712
6.1052,4.8787,2.863
3.0763,4.4862,1.0527
2.9913,4.2674,0.562
0.3952,7.3161,5.7327
7.2848,7.0791,0.6774
0.4318,5.6666,0.0009
0.0486,4.8387,0.054
7.295,5.9287,1.9287
9.4887,5.1107,12.6429
7.565,4.7147,3.1995
4.7164,5.5072,2.361
4.8605,4.3383,3.2877
4.3614,5.3784,1.1185
3.2464,5.3063,1.0213
5.2171,5.9044,1.7812
4.3115,4.0713,3.7178
5.9817,6.0652,0.6225
8.9812,3.6405,0.3285
9.9501,4.1412,5.2646
0.7874,4.2066,0.8329
3.8468,3.3919,0.2133
1.8071,6.5235,1.8561
3.5212,3.5464,3.8767
2.8747,3.9516,1.0578
1.7454,6.8831,3.5279
7.6408,4.1441,0.0111
4.9629,4.7178,0.171
9.1925,3.482,1.0205
0.3259,6.2494,0.9344
0.6698,6.2701,2.4573
4.0327,6.1084,3.7751
0.8028,5.8063,2.3658
2.6273,5.1104,0.8629
9.8603,4.2134,0.2872
2.0896,3.7775,0.5706
1.9812,6.9349,4.1533
5.7364,6.1472,0.6031
4.98,3.96,6.2929
5.8044,5.0597,1.8571
3.7674,4.5498,3.1657
8.2676,3.3077,0.7825
1.3858,5.2665,0.3621
4.2839,4.3768,0.0429
6.8976,3.5712,2.1912
8.6824,2.7813,0.1402
3.6957,2.6543,0.2643
5.6775,4.4429,3.9462
0.6914,4.8724,0.4559
1.7032,3.687,0.6486
0.6914,5.9761,0.8072
7.2788,4.9017,0.9218
2.8806,5.8653,0.4196
7.2375,4.7256,1.3805
0.664,3.8193,3.6884
8.6255,5.1712,8.1617
8.3553,3.106,1.8536
0.8893,5.8092,2.7901
0.2376,3.5943,0.4848
0.5629,6.3773,0.2073
8.5363,4.4923,1.3357
2.347,6.5938,6.025
5.4827,3.3161,3.6339
4.2624,3.9833,0.6719
7.9553,5.5714,0.5757
4.889,6.7557,1.295
5.0066,7.4999,1.2785
9.8909,5.062,1.4374
1.5013,7.7566,1.2479
8.307,4.5655,1.6766
0.5175,6.6482,4.5533
4.7765,3.5867,0.8653
8.8633,5.6303,0.5953
6.6521,1.4875,3.311
6.8521,3.3176,2.1639
2.6332,5.7,0.2542
4.1857,3.0313,0.7885
3.6658,5.6404,2.1896
5.2144,6.3597,3.711
4.6223,4.248,6.4988
3.269,3.5466,1.5692
3.0548,4.2887,0.6531
2.5085,3.5513,0.663
3.6505,4.8482,1.5757
1.4994,5.1531,2.1773
8.721,4.541,0.5187
6.0212,7.5115,1.7752
1.3379,3.9209,5.2038
6.9386,7.0871,0.5404
8.4767,3.4381,1.5781
2.3754,5.1092,1.102
1.506,6.7747,2.5431
0.0862,6.697,1.3077
0.4725,4.3696,1.8187
7.6225,5.8326,0.433
9.8719,5.6318,1.1737
0.4488,4.1901,0.2866
7.4807,5.9239,0.6961
0.7186,7.7937,0.4302
5.9213,5.7076,6.7294
7.5608,5.8495,0.3918
3.592,6.0082,0.6115
0.1093,2.8085,0.2812
5.9519,5.6903,0.9839
9.9124,3.4749,0.4471
2.5762,4.1152,5.2189
1.8949,8.2429,0.2994
1.2393,4.6201,2.1424
5.5526,3.8897,2.3317
5.9645,6.7289,2.3153
7.9227,3.5785,1.5685
7.5307,4.3289,4.7289
8.9254,6.8736,1.5916
8.0577,5.0642,1.4216
2.4727,2.6576,2.054
5.5588,5.816,0.7963
2.9741,4.4053,2.6938
3.2979,7.3098,3.3054
9.3194,4.0907,3.8543
6.819,6.5768,2.0353
9.7459,7.6635,1.6909
4.1691,3.7236,13.1314
5.3744,4.7102,2.7242
4.8712,5.5829,6.7603
1.0729,3.714,3.0996
2.367,5.4054,5.1744
5.2764,4.6626,1.8174
0.6737,4.6324,0.8077
9.3146,5.0734,0.0591
1.2384,5.1069,1.4401
1.9798,5.2458,0.1573
7.6532,4.1018,4.1063
0.9693,4.1672,1.0941
9.0028,4.8221,3.2625
7.257,4.9329,0.9913
0.6862,4.3417,2.8407
6.9185,5.4859,4.4901
6.3163,2.2779,3.2178
7.5735,3.9043,0.6698
8.282,4.5801,2.9261
7.1835,3.7158,1.9551
5.8618,7.4438,0.7459
3.2246,5.0283,0.8324
6.9727,5.2652,0.5253
9.5697,4.2752,2.6266
5.8752,4.9763,3.5159
6.6434,3.1771,2.034
4.3713,4.7453,6.0985
7.5612,3.5945,0.5071
9.9767,4.5839,1.6976
1.6039,1.1601,0.0379
2.0241,3.308,2.9803
5.3944,7.1959,1.6655
4.8138,6.2456,4.3148
5.7157,6.9786,1.8042
0.4907,7.0816,2.6082
4.0428,6.0095,3.5505
5.8298,4.3207,1.0128
5.8519,3.4441,1.9445
6.5733,6.7201,3.1961
7.2022,5.0969,0.8729
6.4155,8.741,1.1013
7.9024,4.4524,0.6668
6.2476,7.9593,1.1449
5.3751,4.7648,0.34
6.062,7.0041,0.8692
1.0119,7.545,0.1921
2.7316,3.4656,0.6432
5.274,4.2725,1.5245
8.7299,3.4505,0.9173
6.7905,3.1551,2.193
0.9041,6.0006,1.8921
5.9227,4.7051,1.5773
2.2174,5.0785,0.0842
7.3402,5.8344,4.8891
8.2744,2.2139,0.961
5.9346,6.9301,1.9923
5.9136,4.4764,3.0962
3.3859,5.7986,0.5887
4.4625,5.9311,0.3569
8.6411,7.0562,0.0583
7.2332,4.8427,4.0715
5.1975,1.8145,0.4659
3.6823,5.0857,8.4443
0.5038,5.3011,0.7529
1.4301,3.4486,2.7721
1.9303,5.2212,0.0868
3.7338,4.4585,2.5824
9.4414,2.9859,0.4025
5.0515,6.0072,0.118
2.3484,4.1544,0.2106
1.0575,4.3904,2.4829
3.3831,4.3061,0.2315
8.1573,6.8532,0.8141
3.8334,4.9386,3.1269
7.7251,5.1186,1.1536
8.027,4.339,0.0649
1.1082,5.6943,0.4422
6.0866,7.024,0.589
9.591,5.9718,1.3152
4.0214,6.0303,6.6724
0.5094,5.9093,1.3375
9.233,2.9296,1.7157
8.8367,3.6858,1.2447
5.2214,4.6925,0.3514
5.5225,3.9112,1.191
2.1174,3.4032,14.3749
8.1945,2.1917,1.8169
4.986,2.9802,3.4077
0.3388,4.6152,1.5361
6.8301,4.8959,7.5964
9.505,3.8104,0.3919
8.2915,5.1184,0.9447
2.772,4.3492,1.4128
0.5333,6.6359,0.5559
9.4035,4.7576,0.9915
9.3706,6.0445,3.5466
5.3242,5.3048,2.9983
6.4232,2.8969,1.3602
4.626,4.864,0.398
4.1977,3.1466,0.2318
1.1945,4.8378,2.247
0.9675,3.8823,0.3608
2.3273,5.5729,3.5953
8.3664,2.9865,2.8388
1.4583,5.0221,4.1543
2.267,5.8586,1.7665
5.4861,6.3614,0.8133
2.1513,3.8537,1.0678
1.6321,5.0266,1.0581
5.6332,5.2762,5.9881
3.6809,7.3207,1.5415
6.2616,2.778,0.1587
9.1221,3.6333,1.2646
1.5099,9.2067,0.2635
9.1343,4.5904,0.0323
9.0249,2.1635,1.9943
8.2909,4.1262,0.8792
6.3129,0.8467,0.3603
6.2015,5.3614,5.6161
6.3921,6.2147,4.2784
6.905,3.6325,0.6489
0.1648,4.2939,1.3717
9.5809,6.3855,2.6116
5.856,2.3747,0.4259
7.8147,3.0176,0.5517
3.7728,4.6578,2.5619
0.124,3.8715,5.1314
5.0973,4.5592,2.3151
5.0719,3.1044,11.1159
4.3699,5.3215,0.5567
3.3972,4.7762,5.6107
2.4983,5.8238,3.6478
5.2754,5.3006,0.5748
3.7528,5.31,1.0306
9.6993,2.8305,2.6799
1.7293,5.7389,6.6208
3.1967,4.5037,0.5698
2.9396,4.7501,5.8819
5.4331,6.5724,0.9662
4.9928,3.9208,1.7158
6.4374,7.0268,1.0041
9.5,7.1667,0.9283
2.8522,6.1292,0.5688
6.9277,3.5291,1.6833
0.2504,1.7206,0.4621
2.6239,6.6183,9.1722
4.6372,5.1671,2.726
0.3099,3.8822,0.9804
6.1767,6.7603,1.1032
6.7831,3.7077,1.8688
7.4673,4.3638,1.3342
5.1657,5.7873,1.4828
6.0394,3.3296,2.0763
3.9607,4.8358,0.9688
0.4125,6.6337,5.2508
0.9995,5.3167,0.4184
6.55,6.8711,0.0352
9.9556,6.7004,0.0408
0.158,5.0116,0.6262
5.5758,1.4949,4.3508
7.5101,3.3413,0.2301
8.2677,6.145,1.7698
5.452,2.6746,0.3525
6.1992,4.51,2.5953
6.9672,5.5077,0.3203
8.5897,7.2044,0.0599
1.2229,4.1375,0.6985
9.2618,4.0348,0.1077
0.2602,4.9213,0.7394
8.362,5.5264,3.7007
0.7674,4.7686,0.0546
1.9463,6.5739,3.4424
0.0389,3.8013,2.7975
4.4526,5.1802,5.1008
3.3436,5.6678,4.1878
1.6599,4.3997,0.9154
4.5109,6.2596,3.8822
4.0237,5.2234,4.4774
7.6766,6.1833,2.5418
8.9313,5.2912,0.126
6.5257,5.5646,1.1018
1.2441,4.0514,0.7366
2.9539,4.0538,4.6919
9.1332,6.8366,0.0037
0.8873,5.9533,0.4382
4.0686,3.4656,3.5976
9.425,5.2713,1.8106
9.5066,1.4393,0.1997
4.112,4.1391,2.0096
6.674,6.4415,2.7291
4.5675,4.8123,4.3011
7.5346,5.1769,6.7892
0.3158,0.4754,0.1691
1.4416,4.4116,1.3149
6.142,5.5074,2.4252
2.3255,5.6979,1.4752
6.6605,6.4435,3.3399
3.5122,4.6846,10.8312
8.8665,4.7515,11.6574
8.1926,3.0018,2.1381
4.9284,4.6932,2.5418
7.729,3.1076,4.8946
2.7114,2.2282,0.0335
4.9426,3.3722,0.4011
1.9748,7.263,0.4282
8.6089,4.5942,3.4444
8.2307,5.3298,6.6577
9.0215,4.2298,1.2771
8.7748,2.3142,0.3136
9.596,6.4042,2.3738
2.2834,1.7417,0.4982
9.3182,4.1678,1.4455
5.7121,4.9181,0.2746
4.225,5.3457,1.4963
5.6037,3.9103,1.5296
3.426,2.2431,1.8621
2.8855,3.7984,1.9167
2.4131,3.8769,0.927
0.8243,3.8404,4.7462
4.9656,6.4551,0.2818
8.8776,3.1796,0.1747
6.3015,5.4515,1.3244
5.2098,5.2374,0.1427
4.2859,6.4407,0.3045
4.644,4.8003,0.3163
2.0928,6.1867,0.1982
8.2294,4.7417,3.2151
1.9838,5.6516,0.7343
7.1662,2.7456,6.1586
7.5999,1.0426,1.816
5.7487,5.5663,4.5893
8.6293,5.6468,1.9288
2.9105,5.7133,1.3407
8.8162,4.2126,1.6704
7.2941,7.2346,0.7015
7.9875,4.3102,1.3084
6.6458,5.6313,0.2586
8.4634,5.892,1.5055
9.931,7.5781,2.5382
4.2016,4.5245,2.1375
8.1392,4.0202,0.7477
7.4458,2.7528,0.299
4.5287,7.3286,2.4161
9.2695,5.6321,4.3144
3.9443,5.6796,0.2281
5.6547,9.6751,0.6069
1.0594,5.4876,1.2036
2.2578,3.0465,3.4938
8.407,4.7061,1.3657
3.9655,3.5378,2.0298
3.9408,4.4062,0.3481
2.4598,4.3961,0.4408
4.9161,4.1195,2.9173
8.0582,2.9101,3.1982
8.9516,7.3888,0.6407
0.7011,5.4483,4.9724
5.7482,4.6618,0.0773
4.6727,6.1365,0.6095
6.1428,5.7066,0.5238
4.4728,5.4135,0.3349
3.9864,6.0275,0.1115
4.7188,5.2009,3.088
5.82,6.0053,2.294
5.0098,6.1297,1.1719
4.7214,5.2441,1.7419
8.1784,4.6694,1.1828
7.4565,7.2956,2.87
3.4138,4.2831,0.3273
8.0058,5.587,0.0743
8.5365,5.6209,4.8542
1.5349,4.0857,1.0968
5.8268,3.7883,6.0538
2.8531,4.4692,8.7037
7.3917,4.2617,5.9312
2.3879,2.8128,1.9156
6.714,4.0228,0.1759
2.5512,5.3993,10.1179
5.1114,6.8989,1.6537
9.4865,5.8316,0.7208
3.8131,1.1007,2.5217
8.7574,5.962,0.7381
9.8694,4.1628,0.6109
8.7485,5.6796,2.9696
1.6587,4.9788,0.3831
8.1966,4.711,2.1479
0.3215,4.8466,1.6332
3.933,4.9664,2.0831
8.7073,7.0166,2.4983
6.8875,4.9705,0.5695
5.3274,6.6283,3.5513
3.8786,6.4099,3.0863
8.123,6.0006,0.5545
7.0956,2.3201,5.475
4.6841,6.6749,5.2344
8.9248,4.3131,7.9545
2.2995,6.0736,1.5811
1.7039,3.5412,0.0775
6.428,3.2224,3.1823
9.7199,7.9646,3.5116
2.4726,3.5645,0.5258
2.4967,6.7192,1.1038
1.395,5.1776,0.2378
8.6056,4.3698,0.8537
2.264,4.9328,2.6249
5.0318,3.0484,3.414
9.9087,4.9794,0.5206
0.1214,3.3759,4.4759
5.5649,4.4068,1.4794
5.1229,6.3879,3.449
8.0745,5.3813,0.8783
3.5528,2.7767,0.2387
4.1034,6.2772,3.1229
1.6794,4.9894,0.3961
7.4082,4.1867,1.3278
7.8471,6.12,0.0307
1.3666,4.7492,0.5162
3.9346,3.2515,3.4293
8.929,7.7717,0.9052
0.0271,4.9741,3.2361
2.9876,4.8779,3.2405
5.5504,4.3923,3.2522
3.3409,6.7699,2.4398
2.7205,4.2127,0.4079
4.6004,2.6825,1.5239
1.8152,3.982,2.4183
5.2963,6.9902,4.2765
7.067,6.2482,2.9865
5.7529,4.6175,3.2179
0.9311,7.0599,2.7625
8.4441,6.1219,0.4518
1.7498,4.6001,0.8662
7.6481,4.7511,1.263
3.6057,5.494,1.391
7.8276,3.7522,1.3139
2.0627,5.0068,0.5154
1.8666,5.4628,3.6956
4.9703,2.4696,0.8052
0.3294,4.716,0.6136
2.253,4.5454,0.6758
7.2401,6.5421,2.3766
8.3738,2.2333,2.1138
0.8079,4.4277,1.1054
8.8208,4.2774,2.7398
7.9752,6.4401,1.0265
8.6968,4.9347,4.4642
6.9843,7.6941,6.9038
6.7415,5.9933,0.6853
5.2509,4.3847,2.3412
6.5279,5.3595,4.2929
9.1911,4.4689,1.2941
1.0052,6.2891,3.065
3.1576,3.0017,0.8713
0.7245,3.7645,1.3969
9.4481,5.6835,0.235
4.4527,6.8386,0.4456
6.7534,1.697,1.6427
8.4112,7.0617,0.1605
9.91,4.7898,0.614
1.6178,2.1742,1.1966
7.9951,0.4974,3.5401
8.8742,2.7059,0.1217
0.4888,4.9704,0.023
7.5409,4.9012,5.5496
3.5473,5.9498,1.9494
6.486,4.1758,1.1571
5.1405,3.3379,1.1629
2.5974,4.3804,0.7962
1.3522,5.0504,0.4104
1.1695,5.3462,3.3567
1.0332,3.8163,5.3579
6.3779,6.3522,1.8888
3.5141,4.0679,4.7886
2.1663,3.6954,1.3157
6.9189,4.1864,0.2086
6.8685,6.6123,3.6979
5.3917,4.8008,0.1874
9.3496,3.9582,2.3763
3.8541,6.3892,1.653
8.3586,8.2141,0.6232
0.7514,5.3145,1.2159
7.3983,6.8508,8.1136
9.8845,6.5541,2.0742
8.466,4.0915,3.9442
5.7966,5.04,0.4961
6.2677,3.0762,2.56
3.5329,4.6926,1.6214
6.7949,4.0607,0.2867
7.704,4.3957,0.9847
9.9823,3.8752,6.2533
4.9246,4.5694,1.5411
0.613,5.7983,3.2549
5.9586,4.8208,0.4799
1.1902,2.2034,3.3323
2.4477,3.8808,1.7971
3.2878,2.7209,4.2436
7.3103,5.3661,0.8448
1.8381,5.755,1.2964
1.6575,5.3848,3.9407
0.4496,3.8189,2.4483
8.7324,5.3703,1.0238
6.9351,4.2948,0.2706
0.3995,3.2927,0.2788
0.2829,6.1129,8.4721
5.5867,6.227,1.2544
2.8253,6.4233,1.2125
5.9673,4.0875,1.4567
4.346,6.769,9.772
9.2331,4.2596,0.6888
2.8781,5.9803,1.6699
6.7915,4.2336,0.4078
0.5405,4.664,0.6253
9.5586,1.3682,0.0881
9.8076,4.5471,0.6269
7.3907,5.1366,1.3752
4.6521,4.3849,0.5695
2.1999,7.6343,1.9425
8.1252,3.2563,0.0134
7.3635,4.1546,0.871
2.2195,3.6427,0.2878
4.5122,4.1543,0.5922
4.628,6.5471,0.0055
8.2641,7.217,0.9266
6.8384,3.9488,2.4545
6.4317,3.9155,0.9524
6.4983,3.2643,0.2979
2.7047,6.9594,3.0406
3.7171,6.6815,2.1037
0.4566,4.841,2.3649
7.8694,2.9059,0.1126
4.33,3.04,1.948
4.3824,5.2559,1.0515
2.4536,5.824,2.3189
2.0943,1.9008,5.5931
5.8782,4.518,2.2631
2.3255,7.4274,0.8401
0.6421,4.6737,0.239
7.6751,7.2345,1.2364
3.7647,5.9736,0.183
3.8024,3.3736,1.4515
4.3132,4.561,0.4189
8.1504,4.807,0.4102
3.2084,3.5712,0.3571
7.5804,3.5452,3.365
9.3954,7.2602,3.1083
6.6087,3.534,1.4661
4.3168,6.6177,1.5499
7.4779,4.3453,7.4839
4.579,4.9615,3.8497
4.1443,5.8428,4.6376
5.2528,4.1022,1.9603
3.1772,5.8519,0.0026
1.0425,1.9304,2.7292
4.1485,5.6596,1.1573
1.2386,1.2972,0.156
4.1044,4.6597,1.0538
5.5693,6.2814,3.2379
9.3071,5.9334,0.5765
0.3622,3.0524,0.2583
6.2146,3.2455,0.2599
4.5774,3.967,0.1103
0.2026,5.2793,4.3784
2.4955,1.9521,2.872
1.1849,4.9802,5.8386
2.1679,5.4671,2.9873
2.7457,4.5754,2.2281
4.0131,5.788,0.9863
5.2904,5.3356,0.9064
0.0099,4.1875,1.5509
1.6187,2.0957,2.6784
0.9357,5.2001,0.473
5.4967,3.5704,2.0302
3.2907,4.1325,0.8129
5.484,5.7187,3.5899
2.2182,7.126,1.0055
0.2423,4.9429,1.0952
9.4137,5.8311,2.2719
1.0831,2.8333,1.8511
1.2686,5.3683,2.0396
1.4655,4.9101,0.2402
9.8128,6.8438,1.6585
6.1766,4.1893,0.1576
6.1029,4.6375,0.5457
9.867,6.5882,0.7144
0.8844,4.8619,0.6347
9.745,3.3367,0.132
2.0401,8.8274,0.9467
6.2307,3.3821,1.1969
4.2008,4.9029,3.5981
3.8395,5.52,3.4424
9.3124,5.4014,5.3189
1.4923,4.7154,5.4299
9.9707,4.7229,2.1997
3.7913,4.6476,7.4347
6.4877,3.3261,0.6934
9.6791,8.2253,0.7623
0.576,4.67,0.2928
9.2286,5.8954,0.0782
5.6781,4.498,0.1629
7.044,4.4679,0.2124
1.4918,4.3168,7.1325
5.3339,2.6752,1.4694
6.7351,4.7591,0.5833
4.5625,4.3895,0.703
1.5499,6.7573,0.3663
2.4412,3.2049,1.131
8.5439,4.1343,0.9898
0.3447,3.6523,4.3611
7.0886,7.1638,7.5241
9.9939,3.6959,0.6146
0.0748,5.8434,2.9695
1.6105,6.4552,1.7536
6.7414,4.7808,2.1303
0.5999,2.9348,1.0611
5.8979,2.9538,3.7877
6.84,6.2896,3.1611
5.8815,3.1091,1.7987
3.6518,5.588,1.6553
6.9728,5.1715,0.2709
5.9429,5.5657,0.5408
2.0764,5.7074,0.5575
5.6314,3.5995,0.0886
8.8191,3.5367,0.9242
6.6683,6.0724,1.71
4.7179,4.056,3.1379
3.2158,0.8748,0.0307
0.8589,5.9731,1.4592
2.4463,3.4456,5.2403
0.1119,5.7007,0.7326
9.8663,7.0892,0.2057
2.2248,5.0251,2.8931
8.1488,6.4936,1.0347
1.6864,5.2307,2.0341
2.836,7.3811,0.7395
4.1828,3.4068,1.5271
3.2441,4.9877,5.8709
7.9835,6.0097,0.7971
9.5769,4.7144,2.7408
8.7529,6.7283,1.9019
1.5358,4.3519,3.2944
7.7669,8.1041,3.1744
1.4795,8.1833,1.7338
9.1338,5.4231,5.225
5.1788,5.8289,0.0808
3.3638,6.7875,0.1545
1.5703,3.2192,0.1935
0.1181,3.032,1.7315
2.4795,6.8846,0.2615
9.1402,5.411,1.4633
7.9726,4.6602,1.844
9.6979,5.0167,1.6802
1.0076,1.4209,0.9826
5.9218,4.7142,1.5366
2.5715,3.8704,2.2532
5.4294,6.3771,3.9834
3.2045,6.4925,0.286
2.8347,5.865,3.4615
5.7385,5.5932,1.5823
1.8332,2.754,0.1979
4.6913,5.886,1.0617
6.5081,5.9441,1.1975
1.2818,6.8678,1.4398
9.3059,8.1773,1.4985
5.0572,2.4612,5.1571
8.1953,4.4173,1.3799
6.5391,3.8866,1.6452
7.1,5.2588,0.3046
7.1613,5.0201,1.2954
8.751,4.6489,3.9959
6.1361,6.5414,1.5764
2.7822,3.3479,0.7926
0.9951,3.4383,0.3773
6.0625,3.4637,0.6955
0.6635,4.4595,0.7477
2.4129,3.1571,0.2502
0.6071,4.9271,7.6768
5.4889,4.7518,0.8447
1.6034,3.8202,0.4553
6.1041,6.3106,0.8004
7.9087,4.9107,0.4156
8.2188,6.594,3.2256
3.0954,4.7074,0.9538
5.4895,4.9637,0.0071
5.6301,4.1558,1.1153
4.7289,4.9894,2.2377
6.5511,6.0683,0.0004
2.1009,4.383,0.9222
9.7924,5.7776,2.1497
0.9808,3.7809,0.2679
8.2922,6.1386,0.5784
5.941,4.1301,1.8206
2.4485,6.2775,7.4983
7.4568,5.0915,0.7261
0.8448,7.2814,4.4949
7.7442,3.2689,4.0704
5.8999,2.7857,1.121
1.1075,4.0757,1.1279
0.7951,2.9231,0.1978
7.5084,2.9259,0.3524
2.9294,5.9323,0.1337
8.893,4.9937,8.1177
7.6207,4.2805,2.6975
6.9819,4.4196,0.8557
2.7861,4.1041,0.8596
7.0894,7.4756,2.0998
9.4815,3.8967,6.3232
0.9156,3.0168,1.6538
3.2616,6.1941,0.7101
2.3467,4.6764,2.478
3.9325,8.0582,0.7723
7.4233,4.2107,6.1575
4.7424,6.269,0.9586
5.7073,6.6233,0.2753
3.1415,4.218,1.3802
1.4129,3.8856,2.1721
2.6693,6.112,1.3923
8.5968,5.8623,1.0307
6.0242,2.8841,1.1283
3.7799,3.3073,1.3426
7.8991,1.1954,2.5406
0.6446,5.8931,0.0717
2.5389,4.6073,2.5713
2.301,4.7568,0.3564
9.8536,2.4628,0.1419
7.061,3.3528,0.1594
6.1779,4.2831,1.617
0.0498,3.9915,5.048
1.8431,5.1768,0.191
6.3554,5.8752,1.8055
3.7972,8.4044,5.7203
9.2428,4.97,3.4658
7.6472,6.6731,0.7031
4.4738,3.755,3.2146
7.4951,2.4876,0.4503
9.754,4.4715,5.8266
4.6098,2.6034,0.0225
6.4253,5.022,1.3281
9.1866,3.8293,0.4646
2.4867,2.0686,1.6545
8.8656,7.604,0.0405
0.9754,4.1937,0.8034
6.4845,2.5436,2.3981
7.8284,6.3473,0.1305
6.1461,3.9071,10.5573
4.9553,6.6352,1.5708
6.1735,3.8999,0.1373
1.5166,4.1887,0.6145
2.1557,5.5172,3.0367
2.699,5.8898,0.1866
5.9778,6.1527,2.5987
4.419,4.8654,2.0362
2.4448,5.7929,0.3222
8.8281,6.1184,3.8943
3.7392,5.3009,3.8583
4.4603,4.786,0.5912
4.097,2.8321,1.84
1.8194,5.8988,2.0021
7.3163,5.0633,0.9776
4.4846,4.3796,0.2047
0.1626,6.9166,1.6672
9.6401,2.8582,1.3095
8.1576,7.4661,1.3262
7.2356,4.9666,0.5643
8.6909,5.4763,0.0053
9.0681,4.4074,3.2084
3.3749,2.4994,3.6317
6.1096,4.7906,2.4911
6.0881,5.5021,1.3851
2.673,6.0143,1.3746
2.2195,4.703,0.9691
1.1391,1.7112,0.2449
6.5931,2.6875,5.6776
7.8092,8.078,0.4948
7.6095,3.3612,0.1175
3.1628,7.1406,0.5263
2.0526,3.5989,0.8078
4.5361,4.7263,0.9632
5.4681,5.9378,1.1526
9.1909,3.7697,3.0577
8.7482,7.3883,6.796
9.1606,5.1136,2.1782
8.5026,5.6913,6.4145
9.6458,4.5986,0.4855
4.655,5.9881,2.2149
0.4747,7.3682,0.4129
0.8356,4.8031,2.2582
3.9028,7.5946,0.2679
2.5769,4.0826,0.4127
1.6994,6.1461,0.3781
9.532,5.7337,1.151
1.9542,3.3971,2.6186
9.5938,5.3207,0.0278
7.6084,5.011,4.1841
6.4095,3.7202,0.2605
6.7602,5.537,2.0284
3.3147,5.2194,0.75
6.4643,4.8911,0.1414
1.8669,4.8971,0.6101
9.3771,4.865,0.2745
3.0179,4.4485,0.5806
2.5519,5.2098,0.0113
7.1116,4.0341,2.8416
6.5645,8.9852,2.8835
4.513,2.886,4.1737
6.3245,4.1229,2.8689
1.5949,4.2414,8.2811
6.7333,8.0607,0.1084
2.7061,3.0198,0.0989
2.7284,5.6389,0.2385
1.6218,5.3726,0.8895
3.3238,5.5004,2.0808
3.3125,6.8545,0.1507
4.5418,6.8237,1.4817
1.9042,4.3236,3.3973
1.9301,5.291,4.9255
5.4174,2.2038,0.608
1.2888,5.1486,3.5299
6.889,3.809,1.1817
9.4395,4.7204,0.2204
4.268,2.4719,0.2447
9.0111,5.6073,0.7044
0.9832,2.4551,0.8571
0.4296,5.2224,0.3772
7.2137,3.1602,1.4328
7.6102,3.7255,1.6833
8.4306,6.7321,3.091
0.5682,5.8819,0.3662
7.7691,6.7238,2.5402
3.7654,7.3396,1.2815
3.0334,3.8407,1.9959
1.7302,7.2485,1.5752
9.9602,2.8017,1.849
0.6366,6.1192,1.7628
8.2701,4.26,5.7393
6.3949,3.6045,0.9133
7.3508,5.9217,0.2786
7.1172,6.4174,0.2381
8.5843,6.3729,1.3379
1.8379,5.3223,0.6086
0.0082,5.1979,0.7256
5.9853,5.7903,0.0623
3.5386,5.4556,1.179
1.2379,5.812,3.0969
1.8614,5.306,0.866
3.3175,6.2642,0.6729
0.7023,2.5592,0.5824
0.5691,4.8031,0.8763
9.1603,2.9242,6.1454
3.121,5.4151,0.7402
9.8223,7.4629,0.0116
9.6437,4.2889,2.6641
1.4257,5.1909,0.0223
7.1492,6.1347,2.1298
6.008,1.8984,2.038
6.9065,4.2168,3.9178
0.9619,5.5468,0.2595
1.8856,0.6545,0.9539
0.7664,3.5348,5.8547
6.0413,6.6513,0.8581
9.8659,6.5045,0.3335
6.7198,5.5615,4.5573
7.1076,6.3233,0.7911
9.8459,5.3227,0.0788
6.7801,5.8331,1.3506
0.4018,4.5265,1.9903
8.6701,5.1737,0.5297
3.6468,4.0514,1.0684
0.0436,6.8952,1.8364
5.0723,7.2823,1.9116
9.3702,7.0699,1.5518
2.5733,4.3878,0.1184
4.9151,3.5693,0.3497
1.7378,6.9155,3.2203
0.5769,5.8159,1.7906
0.8054,5.4929,1.5477
7.2701,4.0496,4.089
8.6407,5.6385,1.0785
1.433,3.3721,1.2116
2.8832,5.9511,0.426
1.9503,7.0683,1.1088
0.2686,7.4466,1.14
5.5343,6.0628,0.1619
6.9992,2.927,1.49
6.4788,5.296,0.387
3.8805,8.2095,3.2892
5.5501,3.6971,0.7791
0.941,4.9112,1.2624
1.543,7.1203,1.596
9.3179,5.9257,0.1818
7.6151,8.7202,2.4808
9.2274,3.9007,3.3555
9.1668,3.5154,0.6672
6.4939,6.8362,1.4007
9.2824,3.2062,1.1316
4.167,4.7048,0.8055
0.0362,4.9015,1.2503
0.6257,6.554,2.3168
1.0949,5.9214,0.7327
0.9535,5.6856,0.6788
3.517,4.3964,3.8336
7.0127,6.8225,0.1739
7.9065,11.0387,1.3242
5.9021,6.0369,1.7873
1.4644,5.1495,3.3501
7.479,3.0532,3.7439
3.548,4.0438,0.4299
0.1299,4.6794,3.7788
2.8059,4.1981,3.0678
3.306,4.9759,0.2211
2.7425,7.667,2.1831
8.1187,6.8708,0.7273
7.5993,4.7618,1.5571
6.9555,3.1876,1.3362
1.3901,7.0061,3.4282
8.0783,4.9264,0.6435
6.7718,2.4102,1.1075
1.9484,6.0686,0.6247
6.4809,6.5385,6.4506
4.8351,1.3611,0.0399
4.3935,3.7632,2.1946
1.1212,4.8343,14.5232
5.183,6.1018,1.5415
0.9993,4.2264,2.2835
1.6425,3.7518,4.6449
1.3255,6.0908,0.5881
9.5411,4.2975,0.1855
2.8486,5.8131,0.4316
3.552,3.3327,1.4301
3.2208,2.9715,1.3119
8.9825,6.1329,2.4661
5.6297,5.3788,0.6563
9.1916,6.3837,3.161
2.9992,4.2011,0.3075
1.1483,3.8073,0.5167
5.5622,7.0411,0.9837
3.4554,2.7156,1.9204
8.0191,6.8772,0.3396
8.7942,6.9808,4.4033
4.7257,6.2901,2.2133
9.7136,3.9683,1.3734
5.5301,3.7752,1.2002
2.7092,4.6849,0.4858
4.8898,3.0574,0.3335
0.3731,3.5575,1.846
8.04,5.9671,0.4881
1.0144,5.974,0.5718
3.0875,3.4256,4.9195
5.6532,6.0142,0.6855
0.4298,5.6815,0.2522
0.7932,7.2648,0.2811
6.9612,5.8537,0.9715
0.7178,6.5879,1.1769
4.7708,5.7156,0.3898
3.387,6.4699,3.4249
2.2808,3.0693,1.7603
1.8878,4.8174,0.9427
7.6341,4.9415,1.5216
9.5154,4.6344,0.3833
1.4018,5.6658,2.6695
9.5968,5.9516,0.8509
5.9476,5.5884,1.327
6.4166,4.7346,2.3192
7.0993,3.8964,0.4132
7.0412,6.6458,0.0409
8.1981,5.5246,0.6346
4.8347,3.4721,3.7839
5.3336,4.7095,0.4504
3.2383,2.3851,1.6607
1.0526,5.0531,2.3375
6.6464,4.7024,0.4778
0.3361,4.1383,2.4688
2.7564,7.3769,4.9
0.9423,3.2658,0.143
1.9073,6.0596,0.846
6.3873,8.2801,0.1135
6.2848,6.6159,3.3349
4.2105,4.9527,2.335
0.9017,3.2989,0.43
4.3337,2.9569,1.6212
3.5274,4.3827,0.8727
7.2046,3.9695,0.5383
5.7903,3.9207,1.9918
4.9157,4.5105,0.4969
4.8698,4.8466,0.8744
9.663,5.7278,0.4638
7.5629,3.1433,1.8706
4.9698,3.9766,0.5402
4.7922,4.7605,0.7796
0.2648,4.7068,1.281
9.4251,7.7546,0.6196
3.1917,5.3484,0.9001
2.5594,2.5796,7.4926
9.9941,5.6273,1.0943
7.1869,5.8185,0.7864
0.4736,4.8123,1.6102
0.6189,3.1799,2.7485
0.255,7.6371,1.8593
5.9962,3.3952,3.8546
0.7156,5.9912,2.4426
9.3339,5.3001,0.5797
9.3691,5.9012,0.7549
5.4605,7.5603,0.2153
6.1664,5.8425,2.7066
2.9189,4.162,0.1132
0.6397,6.659,3.0131
7.3746,4.0534,0.8215
1.0179,5.2453,1.966
0.8556,3.0604,0.3222
3.1122,3.4501,0.4419
0.1247,5.0771,5.0115
4.3404,5.5521,2.382
7.0768,2.4464,0.3539
8.0135,5.7459,0.3496
6.0431,3.7709,2.7729
8.4687,6.9195,0.7109
4.065,4.4721,7.8148
8.4877,3.3146,1.0294
5.0647,5.1137,6.245
2.2304,3.6256,0.6714
9.4415,6.9034,3.4496
2.7497,5.0008,0.3685
0.262,4.7725,2.3371
2.4267,5.8877,5.0095
3.6669,3.4926,1.2272
3.5135,3.0663,0.5697
5.2467,5.6125,1.2133
8.8313,3.3505,0.5329
2.9234,3.35,2.854
5.2077,6.2551,0.1401
3.4014,5.7876,0.3175
8.2177,3.1193,0.3077
1.576,4.0713,1.205
1.0351,3.6444,0.227
5.03,7.6645,0.2216
6.7189,6.359,2.4966
7.9553,4.3687,0.2052
5.8962,5.8643,1.9593
7.7385,2.9657,0.4295
3.9271,3.991,0.0539
0.3287,5.1573,0.584
1.161,5.6783,1.841
0.3872,4.8538,0.721
3.2894,5.372,0.2
4.9549,5.1175,1.2762
3.5632,4.7546,2.3954
5.606,4.5558,1.1084
4.8061,4.3606,7.7016
6.7794,5.3479,1.6991
6.6696,5.6162,1.3108
3.1806,5.2975,0.6837
3.4621,3.2321,1.0364
5.8515,3.5016,0.9006
5.9643,5.5983,3.3046
3.147,7.2075,0.4356
3.3032,5.2286,4.1535
6.9405,4.3825,1.5012
6.4741,5.3365,2.3134
1.3505,3.2948,3.123
4.4104,6.9634,2.316
8.9271,5.2799,1.0066
0.3631,3.9958,0.0116
8.5516,4.7498,7.735
1.6318,4.2094,0.3956
5.0725,6.9675,0.2639
4.2434,4.6966,2.0977
0.1013,5.233,1.9581
9.154,5.8606,0.3134
4.5493,3.8889,6.0136
9.5427,5.2906,2.5349
2.8674,5.4117,3.2914
8.6628,2.6689,0.3135
9.2239,5.379,0.2059
5.5683,4.9314,1.9651
2.0268,5.1949,0.3706
6.8525,5.0534,0.6179
5.4898,5.3888,4.2233
9.4453,7.006,0.0504
4.3927,3.2307,3.3603
2.6851,4.4868,0.7596
1.3829,5.9999,1.2258
6.9863,5.7214,3.2137
9.7411,5.6891,2.7258
0.2834,9.1304,7.2271
7.4045,5.9212,7.6305
9.2693,6.6964,1.0375
0.7478,4.5394,0.548
1.1017,3.5106,0.512
6.9196,4.5285,2.3785
6.4796,6.0679,0.926
0.6883,5.6102,1.0824
8.3442,5.6049,2.2018
5.2342,4.6785,2.4331
9.072,4.4393,1.1579
8.7799,4.7302,2.5028
8.1251,6.0867,1.4536
5.159,6.2611,0.5485
2.5171,3.4906,0.7165
5.0598,6.1435,2.6467
1.0081,4.0239,0.2036
6.5885,5.7034,2.9847
1.3398,4.7121,0.701
5.1117,7.3487,0.1954
0.5438,4.3729,6.1398
2.9951,5.2679,1.9608
2.3208,5.9099,0.0102
6.2003,3.6891,0.2587
7.8679,4.8907,1.5143
0.573,4.6001,0.0869
8.5028,4.2293,0.6651
8.6077,4.3404,1.0998
3.4227,6.668,3.4161
6.59,4.1022,0.7164
4.0261,5.8496,1.5735
1.5419,5.4719,2.1777
5.2866,2.9045,0.3169
0.8636,5.7788,1.6003
8.7847,2.8797,1.2912
9.2429,5.9421,1.3958
8.2161,4.2392,0.3178
5.6253,5.0126,1.3939
5.576,3.0586,0.2675
9.8461,5.1836,1.2074
2.479,6.3904,6.5943
0.7595,3.7896,0.4671
5.6194,4.0892,3.1435
3.2879,5.6819,0.5504
3.2234,5.7194,1.9181
0.0709,1.3487,1.2213
5.9624,8.0231,4.3962
2.6403,5.7928,0.6499
1.8786,6.0454,5.9112
0.4043,4.7847,0.6039
3.6436,2.217,2.9928
8.7897,6.0121,1.7413
3.3667,4.1522,0.6524
6.7907,5.8159,2.7326
7.5655,4.6718,13.4851
3.281,5.3571,1.5794
8.2164,3.8375,3.2062
6.9188,6.2966,0.4475
5.5924,3.2174,1.6913
0.0099,8.3684,3.7501
0.3509,8.3569,8.2707
9.9087,7.449,0.4647
7.8228,6.9132,2.46
9.3757,4.8732,0.5202
9.023,6.7498,0.0384
0.2044,4.8557,0.8252
7.9185,2.6697,4.5183
4.5115,7.2548,0.563
7.8956,6.6932,0.4542
0.0672,4.953,1.5724
2.882,3.1622,1.3327
7.5132,4.1207,0.6939
7.9302,2.2683,0.0284
6.1971,6.4176,0.7864
3.0126,2.595,1.3602
3.1036,5.4302,0.9814
9.6676,3.7345,0.2174
4.3921,2.8599,0.2258
4.4713,5.3575,0.1507
5.5233,4.4993,0.2784
4.095,6.2573,0.7649
5.5267,3.0986,0.2318
4.3234,3.864,3.0864
8.2671,1.4185,0.4683
9.0905,1.7235,0.2448
9.3211,7.6973,2.995
5.643,8.1254,0.6323
4.4215,5.1391,0.7675
7.0524,3.7643,0.2883
8.3832,4.5523,1.0518
5.6298,6.3104,1.9141
6.9998,4.2284,0.5075
7.4973,5.3565,0.2202
6.7639,4.9809,0.3273
7.4613,4.1468,7.5908
2.0865,4.2107,0.625
4.9837,5.44,4.5798
5.8827,3.5347,0.4572
0.0248,5.6776,8.3104
8.5596,4.2926,0.9709
6.1002,5.1911,1.7131
1.2914,7.0759,0.1665
8.1636,4.7477,1.0983
7.1706,6.3797,1.2177
7.583,2.312,7.7257
3.9204,4.2945,3.9889
8.542,5.0415,1.4658
4.1403,7.885,3.8837
5.7051,2.0601,0.0869
0.0064,4.8557,7.1014
6.4487,7.185,1.7764
7.1818,3.8225,4.0727
5.6711,4.6807,1.4838
4.9656,5.4976,5.6615
8.0994,5.2768,2.9987
6.8137,7.3487,5.3629
2.7807,5.6727,2.724
9.5907,6.9917,1.8459
7.0727,4.46,2.706
9.8794,3.8892,2.9255
9.7126,4.6614,2.7886
9.1891,3.2613,5.0298
7.5537,5.7253,4.0233
6.0943,4.4212,5.0897
1.7217,3.9923,0.7612
5.4335,5.748,6.7812
7.6538,3.2844,1.3174
5.2086,6.1558,0.4727
8.6824,4.2825,0.4218
1.0966,6.7386,1.2311
3.8094,4.4109,0.423
5.0596,5.9479,0.9383
4.3233,5.2693,4.64
1.0859,6.1159,0.3788
1.5353,5.1649,1.9269
8.3762,2.5049,1.5707
4.8438,6.5132,0.1601
0.4872,4.8685,0.8704
0.1649,6.1843,2.3955
4.7348,6.0354,3.2879
1.6438,3.8401,1.5624
7.0513,3.6278,1.7086
7.9532,5.983,4.4852
2.283,4.5451,3.8282
5.9218,6.4046,0.4512
1.5444,4.7327,0.7974
3.0358,6.5351,2.1095
8.888,5.635,1.4633
5.441,5.432,2.1123
8.8589,4.439,1.4325
2.2525,5.3486,2.0783
3.3002,6.7893,1.4924
4.7095,4.9187,0.6748
4.8008,5.7968,5.1889
9.9765,5.0695,0.1916
1.1445,5.1869,1.0142
8.5197,7.5851,1.7519
8.6368,6.8026,4.1941
5.532,5.1191,1.4168
3.4404,5.3217,0.0371
5.1923,3.9472,3.9305
2.9247,4.7405,2.8638
7.9911,5.4641,1.3794
4.9828,6.2759,1.5083
9.2584,6.1238,0.8722
6.2269,3.3361,5.2061
5.1432,6.4655,0.2855
7.1107,4.8668,2.2709
5.0393,3.5195,1.5458
9.0451,7.0046,1.9285
1.8445,7.1949,2.1572
9.7335,5.3956,3.8146
8.1219,6.0632,0.1339
8.6073,6.1512,3.7862
4.8291,7.0937,0.9672
8.372,6.0921,3.6973
3.0677,3.0085,0.9432
7.6195,8.0147,2.4073
1.4045,6.5985,0.4984
3.0705,4.2357,5.494
4.4573,3.4556,2.563
3.2232,5.7572,0.0304
3.8702,4.5826,0.1434
8.201,5.495,0.5988
2.5668,6.1151,1.7152
7.4528,4.1503,0.8796
0.7371,3.3258,0.329
7.6574,5.5787,2.0448
7.9202,4.1999,1.7034
4.017,5.2191,3.7497
7.2248,2.985,0.7336
9.1514,4.6217,1.8575
8.0071,6.0724,4.8501
3.9045,5.9089,4.6188
4.8421,3.8175,0.2399
7.7936,3.2476,3.481
2.9259,5.0236,0.3906
8.0388,5.8415,0.3599
3.2807,5.6078,0.02
8.0599,4.2318,5.1225
0.868,5.4467,0.7451
0.444,7.2535,1.2936
9.9768,5.3077,2.2349
8.6946,2.5503,0.028
8.8285,5.3048,1.5203
9.5128,8.0659,0.4648
4.3832,3.0689,1.1356
2.8684,5.0446,1.3608
1.3002,4.6605,0.2027
5.0121,5.1438,3.8939
2.2005,5.2914,6.2532
9.3555,6.71,0.4517
0.04,5.1272,2.811
1.432,6.9159,1.0203
2.4648,4.8235,0.3266
1.9896,4.4748,3.1659
2.2578,3.9962,2.424
6.5605,2.2744,7.1876
3.2751,5.4137,0.2464
6.1502,8.081,0.7386
8.9026,5.6874,2.3212
6.0256,6.0301,0.8234
6.9453,4.3805,2.6317
3.655,4.6335,0.5597
1.5974,6.477,0.5974
3.2058,8.013,2.5588
9.6428,7.2319,0.7026
6.2181,6.2079,1.4205
2.7751,5.0527,0.3843
4.5092,5.3146,0.7455
8.3551,3.8697,0.4269
6.6844,2.8277,2.3437
5.6065,3.3098,3.5876
8.8516,5.0747,0.5812
6.7244,4.562,0.6428
6.4273,2.7958,2.6527
1.8977,4.944,3.701
1.0639,4.5224,1.4606
9.6514,3.2407,0.7695
5.9886,4.4447,0.8964
4.1568,4.5186,5.1873
5.8902,4.075,0.5203
0.6181,6.39,0.496
8.2213,2.1456,3.5449
2.1665,2.0213,0.9627
8.0455,5.0049,5.7676
5.3438,5.1442,6.4684
2.7657,5.6063,0.4654
0.3021,4.1915,2.7977
8.1583,3.6231,0.2673
1.7646,4.989,2.3178
0.5181,4.3376,3.8826
7.5588,7.3266,1.361
3.5004,4.5137,0.5573
3.8933,4.9202,0.3162
2.4707,8.7131,1.1976
8.5918,4.7079,0.4276
2.9733,5.8342,1.7593
2.1019,5.9695,1.2902
3.0925,6.0971,3.1397
2.0315,5.4342,2.5136
3.1766,5.2908,1.8964
0.8294,5.1505,0.854
1.5853,4.136,5.2336
4.1705,5.4883,3.7976
8.7947,8.043,4.0903
0.5729,6.816,0.2949
2.1267,5.4559,0.0564
9.0835,6.2837,2.6943
8.9001,3.6962,0.8378
6.7945,4.6092,0.8624
2.4047,6.4218,0.2536
4.1981,7.2308,2.4855
2.1122,3.8437,4.6299
1.2859,4.2746,9.5775
3.8,8.2721,8.3924
5.7582,5.1444,4.4834
3.5993,7.735,0.4472
6.1082,5.3103,0.6986
2.9625,5.3693,0.1733
3.4585,4.5418,1.3623
7.9067,6.4138,3.5706
8.7831,7.0367,0.0943
3.2203,3.4475,8.8299
5.7152,4.4713,0.3123
2.7816,6.3726,0.5266
0.5333,4.8057,2.274
7.3786,4.2599,1.4948
1.71,6.5143,4.3639
4.2571,6.6552,2.6002
4.8705,4.3255,0.1063
1.8447,5.3185,4.1542
0.9456,3.1873,2.9024
3.4801,3.6568,2.0412
9.5229,5.1862,0.0891
6.1514,5.0471,2.7704
3.8141,3.5497,1.4585
0.3891,3.926,2.3115
6.0027,3.4024,3.867
0.9226,5.6826,3.2349
5.4254,2.0485,2.7646
7.5195,3.4826,2.0612
4.2359,2.2056,1.0845
2.9941,5.6285,3.0203
0.4738,2.2959,1.2295
0.2478,5.0476,2.8831
4.3003,7.4593,3.2842
8.8335,7.5102,0.952
2.4406,2.2911,1.8279
5.7406,5.4476,1.2814
6.8431,3.5165,1.5107
0.6083,3.2103,0.3007
1.531,4.8298,5.4706
3.3128,6.8424,2.6591
6.7009,5.8995,0.1214
4.3904,3.9273,1.1954
7.342,6.0576,1.7898
8.676,1.6344,1.6423
7.5837,3.8706,4.8093
9.9225,3.7642,5.0445
7.5436,5.1175,4.9525
8.5218,4.6958,5.5466
8.3237,4.7878,1.7145
7.3027,4.7379,0.7146
8.018,5.0336,0.6648
9.3468,5.8102,3.4684
4.7521,5.224,0.5565
6.3829,4.5735,1.486
5.1494,5.6026,1.3112
8.5104,6.2392,5.5433
4.3136,4.166,0.6547
8.1973,4.9109,2.2155
7.9935,6.7429,1.0949
9.6189,3.3459,1.6339
2.4892,7.7071,1.6371
7.0962,2.9913,1.8783
7.5692,4.482,1.2797
9.3628,3.5747,2.309
9.069,8.2819,0.9937
5.7353,4.245,0.1847
5.7915,4.2487,3.3833
1.6729,4.4439,0.4633
9.7496,5.1434,1.2362
2.5502,4.5073,0.4512
7.2474,4.8007,6.2643
7.958,-0.2938,10.0708
4.4122,5.0857,5.3543
2.1119,5.0267,2.304
1.8896,6.5579,0.3861
8.565,6.9636,6.5036
5.1076,4.7184,0.5216
0.9014,6.2243,2.7295
7.1702,3.3476,1.0624
2.5017,6.151,0.1876
8.7639,4.1413,1.6165
3.0957,3.223,1.1279
2.0027,4.7216,0.0022
0.8486,7.1007,1.3961
5.1153,5.2715,2.4086
4.5074,7.2447,1.4868
7.5131,3.8769,0.5011
4.646,6.5718,1.8067
3.4382,4.0218,1.1882
2.6165,5.338,1.2437
2.7815,5.325,3.1588
9.2785,5.9922,0.9227
1.6508,5.3761,0.6875
9.8818,3.8912,1.4457
3.2692,6.3205,1.0758
0.8839,7.5975,0.1369
2.4869,4.1243,0.9715
0.5841,2.2472,5.3706
7.9003,5.749,4.1648
5.1255,4.5032,7.53
3.3699,4.8033,2.3311
6.6205,5.8343,7.0166
6.3065,4.3154,1.0821
9.3987,4.5967,1.9706
9.6126,4.8498,5.0167
6.8068,7.2046,2.8649
8.1782,5.0451,1.0865
7.9243,3.1465,2.3685
4.913,3.2062,0.5726
7.0446,5.2088,1.3304
0.7826,3.3059,0.7049
7.5802,2.6565,1.9755
9.6183,5.9533,0.6642
0.8497,6.0267,2.3949
8.3612,4.4478,3.5242
9.3298,5.4405,0.7422
2.2619,5.2822,3.5076
5.2481,5.9036,2.2356
9.2786,5.9071,2.9507
9.6023,1.0913,7.5767
1.2788,4.6393,3.2996
3.49,5.7769,1.6516
6.9814,4.3843,2.3241
2.2156,5.0543,1.0612
3.2477,6.126,4.5215
0.2329,5.1214,1.8334
1.5352,7.2619,2.8575
5.6233,6.6905,14.0395
6.5309,4.8222,0.9658
6.4891,4.7029,2.7412
7.7836,0.7245,3.0659
4.1528,4.5102,1.9103
2.7349,2.9701,2.6209
0.1558,5.3318,4.0401
2.0663,5.2293,6.9546
3.1239,6.0438,0.6078
1.7821,7.095,1.1918
0.2014,4.9606,0.0978
1.5745,8.4206,0.6675
6.661,5.3487,1.6957
6.2959,3.0347,2.7432
9.3568,4.1569,2.2105
7.9817,4.4409,0.2305
5.6776,5.8882,0.0646
1.3756,3.5791,4.8078
5.6407,4.553,1.1744
0.616,4.7584,0.9649
4.3088,4.3278,0.7168
3.9026,6.2171,0.8364
4.2781,5.962,0.7851
2.7983,6.7499,2.6332
6.8583,4.5035,0.8641
8.4094,6.8038,2.3311
7.6852,2.954,1.1112
6.2775,2.9174,2.2565
5.3834,3.1793,2.8232
0.3108,5.0138,3.7716
7.2293,6.8036,6.1624
5.4498,4.0968,3.2452
2.7074,4.285,4.5819
3.2784,4.676,0.4401
9.3561,5.8592,0.7929
6.2436,4.2836,0.1963
4.7591,4.1999,0.2153
6.2092,2.9819,1.9989
4.1374,4.1424,0.3708
4.7018,6.7662,1.1775
2.9031,5.1364,2.292
4.3985,3.8902,2.1739
6.8559,6.8542,0.1461
0.3994,4.1222,0.0434
7.9503,7.1299,0.7018
2.8298,7.1054,5.7904
6.8256,5.084,0.0701
6.4273,2.7522,0.2037
6.5263,8.4343,1.0611
6.0813,5.5809,0.4676
9.591,4.5142,0.5889
5.0834,6.4342,1.1522
7.3232,6.0535,7.1418
7.0545,6.9664,2.5375
2.3627,4.0065,0.0103
2.8331,5.4777,1.0119
4.2402,3.2212,1.8304
2.777,5.9995,0.6694
3.6674,4.9656,5.7995
3.9096,5.4215,2.3867
6.0386,4.7805,0.3684
2.1989,4.6235,0.0798
8.0429,3.6977,0.923
4.3754,6.1856,3.3371
7.0624,7.2346,1.8425
0.8144,4.165,0.2843
4.6997,5.8303,5.7424
0.2822,5.6483,0.1368
6.7591,5.0121,1.566
3.4371,2.7101,1.791
9.4925,3.0476,5.8597
3.2412,3.8285,0.6242
5.6381,1.7915,2.0341
2.5739,7.112,0.7245
6.2011,5.5516,1.6784
4.6704,4.9551,0.0938
3.7063,1.7146,2.0925
2.0369,2.2642,0.0852
1.1152,4.9965,1.0923
1.1988,7.9557,0.4126
9.9904,3.952,3.5987
4.1231,6.2957,0.4002
0.0193,4.2801,0.6306
9.5293,5.0829,1.706
0.1998,6.822,1.562
4.1859,4.4811,1.8467
7.1748,3.9648,0.509
9.146,7.1271,3.0472
7.1289,5.0683,3.3408
4.6363,6.6368,1.1071
9.7444,3.9721,1.6989
0.3932,7.11,5.3192
9.8689,5.4104,2.0285
8.4939,5.6522,1.3269
9.2893,5.1974,0.8425
2.5477,4.2418,2.0171
1.4246,4.9975,1.9068
6.6332,4.3361,5.1578
5.1586,6.4393,0.3226
5.2317,4.6954,0.5892
9.2462,2.7552,0.7757
6.2008,2.4809,0.147
3.1106,2.4099,6.3566
4.0007,5.927,4.0022
1.335,3.2727,4.4061
1.9231,5.4501,2.1699
1.4335,5.2049,2.0492
8.1029,4.9029,2.6998
7.0487,5.6576,1.0077
5.3035,5.2375,0.5213
3.7437,0.9354,2.1419
6.6849,4.5146,1.7649
8.1291,5.6377,4.8529
8.8123,7.4604,0.7065
5.4702,7.5297,0.2487
8.1989,2.9553,4.8925
5.1131,4.4754,0.9726
4.7453,2.6508,3.2486
8.6543,7.2798,1.802
3.8637,6.5193,1.2818
3.9591,5.5259,1.1065
3.0491,5.2491,7.6715
5.187,7.0709,3.503
5.4485,6.817,2.6962
6.6046,6.7371,0.8007
4.305,5.685,1.2915
2.1784,4.4762,0.9907
8.6684,6.1507,7.295
3.46,6.2241,6.3947
9.2294,4.714,2.119
2.0735,4.4731,5.8513
5.6006,6.7,0.7106
5.3662,7.4962,2.491
8.2865,3.8759,2.4228
1.3885,4.6049,1.4658
9.0994,5.5264,0.8042
5.3143,5.7299,4.0973
5.8611,4.2165,3.607
5.1017,7.8253,1.1336
0.3602,5.6331,0.4352
4.9709,5.7971,0.8736
2.6355,7.6383,4.136
3.4269,4.3264,2.7982
6.491,4.8674,0.7287
4.977,3.12,2.2647
0.9322,4.7415,0.2212
0.7304,2.7666,2.4707
1.8566,6.1218,0.9614
1.9089,5.63,2.4654
6.083,4.5844,2.3344
1.7781,4.8494,0.3051
8.8172,6.1422,2.8917
2.0976,3.2963,1.3843
0.9113,5.3063,8.4728
8.7575,6.0493,2.1553
2.9533,2.3266,1.4772
4.2542,6.0274,0.6595
9.5903,2.4889,1.6482
9.4437,4.8236,0.5441
7.1492,3.2549,2.168
0.6894,7.1469,3.0681
5.9334,3.2643,2.1521
9.8908,2.5247,4.388
9.4692,5.2,0.2309
1.06,4.3794,0.3542
3.9597,2.7431,4.5894
3.1554,5.7887,0.0486
1.2973,2.0128,0.3855
6.948,3.4456,2.7125
2.7385,4.1372,1.6858
3.4487,6.2033,0.2283
0.9036,6.9432,0.146
4.9797,6.6542,0.4533
1.5817,4.7701,0.6443
4.3209,1.359,3.6269
1.4334,5.5863,2.0816
9.5385,7.2059,1.632
1.4498,6.8507,0.0883
5.2189,5.6944,0.9494
1.9698,3.2157,2.2202
0.7636,4.212,3.2735
2.0231,7.9007,1.9141
0.5477,2.8749,1.1252
1.394,3.2782,4.8028
4.9348,6.4138,0.0917
6.5182,4.3533,2.0805
0.8734,3.2274,1.8044
4.4102,7.292,1.5209
5.8125,5.6916,0.9844
2.3423,4.4273,1.2761
3.7208,3.2813,1.022
0.7183,8.0711,0.7638
2.2013,4.9633,1.1225
4.6675,7.096,3.6409
9.9044,6.3405,0.9863
9.9627,4.2186,1.7987
9.7962,4.2306,0.7861
4.2309,7.1695,0.0488
0.8068,7.1938,0.5592
3.2357,2.1846,0.2253
2.3771,5.8247,0.8761
0.1413,4.8182,0.1614
0.9523,3.45,1.8884
4.5319,5.3926,1.8885
3.3966,2.9756,0.9966
1.8035,4.3003,0.0524
7.161,3.8023,3.3983
3.5712,4.2503,2.4684
8.5187,4.8928,0.8973
2.4098,3.4767,5.0015
5.3839,7.3598,0.0522
1.8414,5.7399,0.9014
4.953,7.6918,0.7895
1.5247,4.7599,0.0063
1.6158,4.1768,1.5294
6.1222,7.6376,2.2078
2.6379,4.1329,3.6613
1.7237,4.7326,2.862
9.2977,6.0801,1.4104
0.43,3.1434,0.4323
5.6515,6.0669,0.2066
5.4826,5.875,3.3153
2.5061,6.904,3.7537
4.5277,6.3351,2.8015
0.8774,6.95,5.4467
7.2127,4.8344,5.1544
2.217,3.706,3.3755
1.9339,8.165,2.8604
3.1488,2.71,4.5262
9.0237,2.8602,1.4693
7.9647,5.8477,0.6652
9.4689,7.4375,0.6643
6.5196,5.2843,2.9583
6.6292,6.499,3.0556
4.8003,2.0063,0.9911
9.0519,4.2507,0.4628
5.1088,2.1891,4.5442
3.5506,6.1706,5.0369
6.4038,2.6792,1.1478
5.4614,3.0833,0.9563
1.2402,5.771,1.2846
3.9273,6.5927,0.1512
3.1333,4.7615,3.0409
8.4683,5.8553,0.5458
3.7884,5.8067,2.6308
8.2156,4.6769,1.1325
4.4239,3.3579,2.9539
7.535,5.8473,0.8685
1.3528,5.9196,1.1893
9.2465,6.341,2.1537
4.8056,5.4681,0.1847
2.598,3.2473,2.1494
2.4149,6.0355,0.2392
2.6508,4.9979,1.1256
3.6672,4.2759,2.6305
7.1752,4.558,1.6587
9.496,3.9646,1.2831
6.6904,6.3333,1.2366
5.4717,2.8728,1.5689
4.486,3.5098,2.0062
8.2819,4.5068,0.3854
8.4966,7.4206,3.3995
2.9304,6.5814,2.5145
9.5342,2.5387,1.4484
3.9512,7.027,0.1434
8.0008,7.0241,0.6228
9.6682,3.239,5.9738
7.0366,1.2178,1.3483
1.6155,4.8917,4.1527
5.8614,6.6836,0.6582
1.1878,7.3869,2.027
7.8914,3.6938,1.0554
2.8132,7.628,1.4196
6.9521,1.6581,3.2623
9.1009,4.4479,2.4604
1.8101,4.3742,1.3542
3.9286,6.7285,9.4664
6.4712,6.9475,1.8088
4.1966,6.4313,1.0902
1.7482,2.9742,5.4272
0.2907,6.2939,1.6764
4.066,5.7636,0.7832
6.4921,2.4931,6.114
5.7398,1.8995,0.6505
1.5624,6.557,0.6985
4.5069,4.7299,0.6766
3.6947,3.0722,0.1337
2.742,4.6877,0.2574
7.2927,5.5461,0.3233
3.0965,4.8757,0.1668
5.4014,2.672,1.1794
9.2322,7.8283,2.8968
5.3928,6.5063,0.2938
6.1702,4.4969,0.559
0.7325,4.5574,4.9029
1.7813,5.5392,1.0712
1.0095,3.3056,0.2194
7.6481,5.484,0.9754
8.3592,3.0039,5.9468
1.8646,4.8942,1.7267
2.1927,3.2471,0.0056
3.2321,3.3229,9.1843
5.9108,7.4686,5.758
6.218,5.0888,3.5383
6.8675,5.3111,0.0109
9.0519,1.9829,2.0295
2.9504,4.1045,9.9686
6.5876,5.6918,0.121
5.5972,5.2912,5.8489
3.0584,1.769,3.1156
9.0742,5.3107,0.763
0.9548,5.5498,3.494
7.12,6.9256,0.122
7.2787,4.0172,0.6967
9.1533,1.6369,0.0979
5.1858,3.5048,0.8698
3.2162,3.3544,2.2835
8.2774,6.1051,3.9825
7.7081,0.9249,4.862
5.0032,4.3275,3.2292
7.6786,7.1387,5.3131
2.6788,5.0108,5.2896
5.8951,6.3445,1.6982
8.6518,2.5373,0.7385
3.1798,2.597,8.5976
4.8355,7.1559,0.3093
9.5104,5.1518,1.1317
7.9821,5.1549,1.4063
8.8704,3.3228,1.5503
3.8525,5.1512,1.2224
9.9651,3.2811,4.2388
1.5257,6.7803,1.4622
5.1877,9.0917,2.8857
4.7927,5.7259,0.2883
7.9843,4.0476,9.1678
9.0862,1.1995,0.9732
7.3114,2.4733,0.2913
6.2682,7.3323,1.94
4.2743,3.4562,0.9704
5.1033,4.4437,4.1178
5.093,5.983,1.0663
0.2037,7.2234,0.185
5.0305,4.7006,6.5782
8.5597,4.393,0.6365
7.0927,5.1074,0.8555
7.9571,4.0585,1.4473
3.9048,4.1393,0.9302
5.2897,5.6178,0.7167
0.3348,5.2779,0.4684
3.83,8.1974,0.4829
4.7442,5.6583,1.4848
2.5521,6.7267,3.3438
0.3124,3.3931,0.4873
6.9041,5.7877,1.1084
4.3509,3.9155,1.7254
4.1568,5.5932,4.716
2.4999,6.0328,0.7458
5.3783,5.0748,4.4197
4.3803,8.611,1.8904
4.7398,7.142,2.1766
5.8087,6.7659,2.3107
0.0632,6.1464,4.7208
9.077,7.645,0.9654
0.7109,2.8445,0.0032
4.5092,7.0554,0.0726
2.0737,3.5131,4.9716
5.2378,4.1535,0.102
2.8023,5.8421,1.0488
8.6001,6.8498,11.114
3.9636,3.2696,2.9964
6.3876,4.2312,2.3349
2.4888,5.1463,0.9072
0.1941,4.7205,1.8512
4.0415,6.281,1.7267
5.3649,10.1539,3.4082
4.5955,5.629,2.8497
9.6201,3.8972,0.6709
7.0684,3.0552,1.146
9.9567,4.5121,0.3338
2.9506,3.5896,0.2319
7.8905,5.7013,3.4018
5.5556,5.678,1.614
6.1176,4.3052,1.575
9.8585,7.9774,3.9271
6.5399,3.8968,3.2319
8.9882,4.8209,1.7235
7.2575,5.9587,0.1945
1.2739,6.3381,0.1622
6.9942,6.9164,0.6932
4.8432,5.6427,1.4596
9.188,6.5764,4.7932
8.0683,4.0023,3.2917
1.0413,6.3771,3.4139
1.3392,6.3571,0.2545
0.6961,7.2693,0.1045
4.9324,2.4973,1.9025
0.8077,3.6392,4.1384
7.2368,6.2347,0.6987
5.5236,1.023,0.9583
8.3589,5.738,2.9324
2.798,6.5897,6.0523
5.1914,4.1354,0.4028
1.1748,4.3547,12.6524
8.8461,3.3888,0.433
1.75,4.2177,0.9259
1.0236,4.2611,2.2827
2.0505,3.9757,1.4123
8.0623,3.8935,0.6772
1.0581,4.5935,1.3909
6.1443,4.5753,0.7484
7.4618,7.8112,1.3766
7.5108,4.4087,4.2547
1.9006,5.5162,2.2117
0.6162,4.1347,2.0979
4.4881,4.1156,0.6426
2.0249,2.4434,5.4181
6.9927,2.643,6.4185
3.5669,3.1895,1.4327
4.4935,5.2755,0.8834
1.1348,6.6143,1.0514
5.6755,2.32,4.9544
1.8552,4.1764,1.1316
6.7899,2.9497,0.0192
0.7117,4.6036,0.217
9.7589,6.6137,0.1236
6.8453,4.3297,1.929
1.8173,4.9287,3.9048
0.1409,7.1828,0.9039
3.3446,5.6869,1.6656
1.5281,3.8599,0.136
2.1841,5.2384,2.0279
8.7275,3.7587,5.7444
6.032,5.6307,3.1357
1.7646,5.773,5.4992
5.5666,2.9493,1.0446
2.5578,5.2627,1.2206
9.762,4.8236,2.161
0.3276,5.817,0.4106
7.3232,6.247,6.5725
7.73,5.7162,2.6184
0.6716,4.5452,0.3284
1.7187,6.4,0.8933
3.8431,3.6904,0.8394
8.6815,3.0192,4.5328
5.37,0.2071,4.9964
6.5531,4.8948,0.8164
7.8301,3.7677,3.7462
8.2812,5.5966,0.6721
4.7628,2.0432,1.8458
5.0879,4.0292,0.2671
7.1801,5.7054,4.6523
2.6334,3.4552,0.8542
8.5449,5.6139,4.3087
0.2079,4.1645,2.4581
1.9577,4.9508,0.8153
8.002,5.8927,3.2887
3.4026,6.4292,0.4133
1.4983,5.1387,2.1768
1.8675,3.779,3.931
5.3076,4.3129,2.1027
8.4618,5.9554,1.881
0.7065,3.4681,0.5548
0.3048,4.7329,1.9912
4.6517,4.4212,4.1758
9.5619,4.845,2.1381
2.7901,3.4861,0.7288
9.5917,2.2221,0.1214
8.8768,5.7811,0.5624
2.8314,6.4462,4.9239
8.1695,2.3117,1.3079
6.8587,5.5534,0.1529
5.1182,6.6248,1.8698
4.2292,5.8939,0.4655
8.155,4.375,7.3781
7.9308,3.5848,3.8304
7.5694,5.1215,7.146
9.9826,5.3717,2.7156
4.7851,5.1437,0.4653
8.0692,4.7298,0.1602
8.6248,3.376,1.9296
2.116,5.634,0.1432
0.4207,5.7063,10.1387
4.0475,5.3012,1.0244
8.5674,5.1665,2.9146
2.891,7.5189,1.4151
7.0001,4.0634,2.0141
0.0735,6.9222,2.1219
3.5536,3.899,6.133
6.1552,6.6634,3.6739
1.2976,6.8501,0.3489
8.9661,4.5604,4.8885
1.5627,7.4914,0.235
9.0979,5.7036,0.5211
2.1639,3.6841,1.2798
9.9428,4.4388,0.0245
6.0475,6.6991,0.2993
0.8434,6.3846,0.025
0.6528,3.4129,0.9387
0.7492,4.7911,0.4795
5.8989,5.3053,1.8269
8.0958,4.2386,3.7772
4.0296,8.5367,0.9676
4.4484,5.3505,1.5544
5.8929,4.9073,0.0686
5.3304,6.7863,1.3964
6.8806,4.4522,0.4217
4.7179,6.5111,1.2783
7.1386,2.4984,1.8868
9.9731,4.3195,11.4281
3.503,6.5736,7.2038
0.1222,7.3553,1.45
1.2563,3.8401,2.9375
5.5351,3.6653,0.3839
3.4426,5.8512,1.6878
9.3998,4.0654,1.9707
6.2745,4.5971,1.2759
5.2036,6.3146,0.8755
7.9804,4.1838,2.5065
2.5859,2.0519,0.2611
8.1974,3.0484,2.039
0.0306,5.0149,0.0762
6.1968,2.2049,0.0638
9.3476,4.5543,0.4786
7.8786,2.9119,3.7228
8.5363,7.4599,0.9401
3.9695,8.2477,2.6589
8.2424,3.4127,1.9708
5.5083,5.3851,4.1408
6.1854,3.5594,0.1674
0.5892,4.536,5.7353
2.0155,7.7052,1.2812
5.5096,4.3,1.2519
0.588,4.5709,2.0045
7.4145,3.5862,4.1806
8.4006,6.7193,6.2731
9.2036,0.1051,1.0477
1.0177,4.3358,1.2598
9.3972,4.9312,0.4226
0.6762,4.0084,1.5523
4.7406,6.2953,0.3257
8.4025,6.803,0.6629
0.7031,2.8819,0.3562
0.1823,8.1402,1.2503
0.2495,2.8651,1.7899
5.1127,6.9329,1.9308
8.116,5.2247,2.6984
1.2743,4.2444,4.9031
1.2461,4.3859,0.9268
5.6855,4.9497,2.5884
2.343,5.3126,0.8692
7.3021,3.6198,0.884
9.4964,4.6491,4.7474
7.6603,3.844,1.2988
8.7718,3.1774,0.0525
5.1959,3.774,0.7901
8.3232,3.275,2.4707
1.829,4.3698,0.9931
0.6835,5.6487,1.9744
6.5595,5.1811,0.4039
0.5195,7.9615,1.6829
8.9248,1.6843,7.8042
6.9155,5.704,1.0091
9.522,5.0096,0.5953
3.1389,6.2235,2.1816
4.8616,6.0747,1.5319
7.4169,4.7525,9.1203
2.4278,5.259,4.135
5.4185,3.8839,1.0612
6.5947,5.9205,2.8216
9.7881,2.1817,1.8706
7.447,6.1652,2.2403
1.1813,4.9652,1.2848
4.7533,4.2694,0.5316
5.8877,4.6512,0.0406
1.4662,4.7612,1.1345
4.3197,6.946,1.4607
2.8401,9.8502,0.2633
1.1883,6.8298,3.2336
5.1204,4.152,0.77
1.6563,5.9447,1.4449
5.9054,6.01,3.5951
1.697,3.6123,1.252
7.2359,3.1088,2.523
1.9524,4.9051,3.4749
8.9629,6.2116,1.5326
0.2621,2.5823,0.5577
5.22,3.9187,0.0479
3.201,5.859,1.5944
2.2508,5.0626,2.8231
4.716,7.1244,2.7117
8.4202,2.8829,6.8353
9.1528,8.5282,2.4304
3.0325,2.693,1.6576
1.5424,1.9563,0.1138
7.2014,4.9116,2.7101
5.82,3.2983,3.0655
2.0102,4.9419,1.1365
7.603,4.8894,0.3088
5.1893,4.7063,2.2704
6.534,3.7364,2.3216
3.5934,5.649,1.3972
4.391,4.524,0.9181
1.8034,6.6555,0.7457
7.5652,4.7294,0.3696
1.5701,3.553,1.5991
7.783,2.4684,0.0767
7.9801,4.7418,0.4411
7.466,3.0962,0.2331
0.1942,2.9751,0.842
2.7313,5.7912,0.3438
4.6834,2.3335,0.5573
5.9554,7.1183,3.357
9.1922,5.2396,0.1134
3.7561,4.9342,1.3733
8.7502,3.4479,0.5703
1.6343,6.1466,3.4777
3.7128,4.9956,0.1868
0.5228,3.9709,2.602
7.4249,5.2997,1.9471
1.5065,2.4758,0.8556
2.5702,2.547,5.1987
7.7523,3.3197,2.8872
5.3472,5.5243,4.0713
0.1397,4.9951,2.3818
0.0224,6.5735,4.0359
5.1066,3.62,2.8433
3.0496,5.862,5.7711
1.8031,4.8292,1.1834
6.1359,3.5854,2.5571
2.2844,5.578,5.2382
5.9221,4.901,3.0925
3.7927,4.0563,3.0849
1.8675,5.063,0.0865
1.381,4.8057,4.1347
2.3686,4.7695,0.8812
0.2983,4.3811,3.3148
3.0813,3.0426,3.8294
9.0195,5.1121,0.2413
8.3136,3.7959,5.6978
3.72,3.4695,0.7279
5.7583,4.639,1.8858
5.6736,6.101,0.7423
8.2874,5.2784,0.0204
2.3629,4.2033,1.1839
2.9639,4.143,0.0855
3.0179,5.9537,0.9926
0.4087,1.4049,0.7651
3.1469,6.196,3.3251
8.7791,2.189,1.636
9.1199,2.8769,0.4137
1.0964,4.2286,0.6728
4.5806,8.2552,2.3557
3.8135,7.5161,0.2835
4.8936,6.0597,0.5662
5.5472,5.5348,0.0699
0.2026,2.2066,1.6319
8.4224,5.2351,2.1736
9.7366,4.1762,0.1513
6.534,3.775,1.1399
6.6045,5.2322,12.1879
5.2798,4.2933,0.3305
3.3427,6.3039,7.3072
1.4898,2.0961,2.4934
5.8406,5.1125,0.3355
0.4494,3.6814,0.9527
8.245,4.3855,3.3987
4.2091,5.4569,0.4596
4.1475,3.324,0.4439
3.2717,5.2463,0.8513
9.6935,4.6815,0.7057
1.7492,4.0091,0.6982
1.5131,4.2941,6.0551
1.6553,4.7682,3.3514
6.5853,3.8482,0.6028
9.919,5.0106,2.3645
2.3548,4.5827,2.5903
9.0562,4.0831,0.7666
2.7862,7.3848,10.9237
6.479,5.6229,0.9451
0.405,4.4259,0.9203
4.9565,5.2188,1.286
6.5457,3.4598,2.6287
5.3632,4.3448,11.0412
2.3784,4.5199,1.6416
8.285,3.1298,0.6958
9.7014,5.581,0.7124
4.592,4.2416,1.4246
6.3592,4.4668,0.2956
7.9041,4.1469,0.9512
2.4149,9.4386,1.38
8.6445,4.0061,7.8838
2.802,1.897,12.8745
7.7583,2.6001,4.4938
1.121,6.139,2.084
2.8839,7.0047,4.216
5.3362,3.9773,0.1273
5.2492,6.9184,0.3749
8.5043,6.1124,0.3138
9.9613,4.7158,1.3869
1.0721,4.6093,1.0891
2.7139,5.2713,0.9315
3.576,6.3162,0.4852
4.7892,5.5959,1.9059
4.9391,3.9848,0.2546
8.562,4.7387,0.063
7.7056,7.9719,0.7719
0.1885,5.3768,0.5387
4.5502,6.304,0.9101
6.1807,5.8098,0.5429
4.604,5.41,0.9707
1.3065,5.163,5.165
3.9747,6.3461,0.2997
4.1166,6.078,0.5222
1.8772,5.3958,1.0565
7.5631,3.9594,12.744
3.214,5.5783,0.0073
5.8899,4.8995,0.853
5.1573,4.5376,3.1672
8.7743,9.0182,1.8572
1.2201,2.6914,1.2309
1.1426,6.4378,0.3057
3.0032,3.706,0.1372
4.3121,5.1968,4.7981
2.9854,8.8529,2.4825
7.6319,3.5564,0.3552
2.4527,3.9142,0.8917
0.8477,4.9737,3.4721
4.138,3.7292,2.0201
7.7338,6.3261,2.6655
8.5056,4.1982,1.8558
7.3334,5.981,1.3845
5.5789,3.0062,0.1362
7.2419,2.2898,0.1542
6.8139,4.6565,5.3492
2.3437,2.6472,3.16
5.5076,7.2774,0.1477
7.7061,2.7053,2.4174
3.1712,3.4435,0.9317
6.5397,5.6204,0.3267
4.8148,4.1205,0.6331
5.0316,2.7224,4.5909
0.9006,8.0599,2.2496
6.6622,3.4975,0.0145
8.6569,4.7056,2.5646
1.4143,4.6862,0.0074
3.6611,6.0655,4.4362
0.4867,5.6935,1.9509
0.2963,3.7598,2.047
9.8966,4.5113,0.033
4.9347,4.6596,0.1425
3.5552,6.1234,1.4412
2.7488,3.2475,0.6932
9.8001,8.0272,1.4027
2.5225,3.8612,1.146
7.2571,4.9869,3.5932
2.8376,3.26,0.2901
0.7049,3.0528,0.9073
6.8328,3.6884,0.787
0.0163,3.5442,4.1321
6.7575,4.3786,1.9129
2.5038,3.5316,0.5216
7.461,6.0433,0.9276
7.6975,3.8255,0.5371
7.2411,3.6593,1.1228
0.2448,4.4105,1.33
7.0374,6.4893,2.3579
9.9015,5.3223,1.4021
2.4263,4.8505,4.8902
2.7424,2.8504,1.7393
8.1353,3.2859,0.4409
1.604,3.0824,2.1993
6.6058,6.9603,1.7347
7.5503,5.7958,0.2451
0.3716,3.7076,0.1057
5.5376,4.1534,0.4637
5.7588,3.7621,0.9586
3.0344,3.6712,0.2034
8.7634,5.6905,0.1467
1.6275,4.5687,1.5291
3.6419,8.1218,0.224
8.4867,6.8755,6.1149
1.9064,6.9642,1.562
8.2137,6.007,0.3537
0.7907,4.366,7.7426
4.8923,5.8967,1.7
0.7533,4.4768,4.5045
6.779,7.4454,1.3949
7.906,5.6064,1.1951
8.4986,5.3935,5.7943
9.8126,5.1906,2.54
6.7202,7.6104,1.7634
7.6906,2.8494,1.1173
5.0576,7.7574,1.586
9.1274,4.7208,2.2987
6.4376,2.8908,2.1304
8.8355,3.8717,1.2385
2.3545,2.5238,0.6098
4.9674,5.9805,0.4622
7.2982,3.4426,0.7185
2.0272,5.253,0.5649
2.1134,6.7013,0.0056
9.7804,3.992,1.7316
4.3461,4.5978,2.6282
1.8182,3.045,4.7894
3.3146,4.4175,8.2416
3.9738,8.861,3.081
6.2309,6.1669,1.2183
9.2301,4.6029,0.7764
9.8659,4.0825,2.1958
6.517,4.936,3.899
6.9992,5.1951,1.2145
3.2183,4.3714,0.8227
8.5716,5.7951,3.482
2.178,3.5698,0.0597
1.0638,3.5624,3.3498
9.7326,5.5553,0.3639
8.6414,3.247,0.2299
3.0365,6.0935,1.8202
6.7517,4.9786,4.2838
4.6702,2.2581,1.1756
3.2313,5.1642,1.8399
2.8677,2.4723,5.5964
1.3603,6.04,0.4423
5.4932,4.6269,1.6578
4.466,7.7766,2.9992
5.1219,6.607,2.8143
2.1536,3.409,2.0742
9.3861,1.9689,0.4738
6.3859,3.8673,0.8713
8.996,3.1681,0.1547
1.0927,7.7386,2.6181
6.2285,4.9845,0.2284
8.4946,6.4001,0.019
3.3092,4.5725,0.564
1.9514,4.7305,1.2158
2.6502,4.9511,0.4385
2.7293,6.6598,2.2115
4.472,5.4674,0.7048
3.2596,3.414,1.1546
2.7127,7.4338,2.6359
6.4851,4.5608,0.9521
0.5303,4.3167,1.3907
3.4036,0.7557,0.6712
6.8975,5.9516,1.3459
1.7585,5.1515,0.3631
2.2093,5.1499,0.2435
2.0067,4.3958,6.7278
0.0093,4.1372,2.2662
4.7377,4.4456,2.3402
0.3896,5.6947,0.7462
2.7294,5.9587,0.8478
9.948,4.6535,2.46
9.184,6.4234,3.0074
2.1508,4.8815,0.1468
3.1,4.2437,0.3588
4.637,5.2976,0.5195
8.4441,2.9609,2.1202
8.0265,5.3491,5.2192
1.2624,2.6867,3.0684
1.2445,3.4584,2.4229
4.1673,1.972,0.1397
8.701,4.7373,0.6319
8.8208,7.4145,5.1593
1.0737,4.8244,0.1018
5.743,5.9654,3.3668
1.5568,8.5285,0.3736
6.8613,5.6061,1.4115
9.1643,3.8522,0.0763
4.5477,4.0586,3.6776
0.8308,5.001,0.7334
5.7925,4.0507,4.2267
4.0852,4.1629,1.8984
8.109,6.4779,6.6974
3.4034,6.5392,3.4639
8.749,2.5297,0.0216
2.737,3.7727,1.1651
1.5752,4.304,2.7143
3.0648,5.8986,1.6886
0.3492,6.7146,4.8445
2.8125,9.053,1.2345
6.6012,4.3015,2.4572
1.4228,4.3764,0.4739
1.1136,5.8829,2.8742
1.3239,3.9767,1.1073
0.7755,4.7886,0.5986
8.7464,4.3774,2.8751
9.4412,1.0675,6.4732
0.4656,5.1848,0.7093
7.6007,4.7265,0.1281
7.3715,6.9068,0.5845
9.9691,5.0082,0.3492
3.4787,3.1179,4.2166
2.8551,4.6129,2.9818
4.5308,1.8634,0.3977
8.5658,3.1836,4.9374
7.2859,5.9533,2.6009
4.7162,4.629,5.8978
2.4456,6.3838,0.6853
7.2702,2.0497,2.0369
8.5453,4.6363,1.5666
3.9995,4.2867,1.0216
6.6859,6.4338,0.2793
4.0021,6.0091,1.6166
4.7849,5.9634,0.5063
5.2491,7.3121,2.8585
7.7573,4.4479,7.621
9.7751,7.0026,2.612
4.4437,3.4337,0.0744
3.4232,3.3787,0.9944
3.7359,6.1291,0.772
1.3389,2.7429,2.1934
2.9694,5.8591,4.9469
0.8645,5.152,6.3934
4.2789,6.6078,2.1557
1.6736,4.9108,1.1239
3.4641,5.0841,1.4795
7.9358,5.7639,0.8852
2.4593,4.006,0.7566
6.1189,3.9407,0.9652
9.0118,5.7116,0.069
5.6693,4.9561,1.911
1.9379,4.389,4.967
3.4477,4.8758,6.2453
5.9037,7.3918,1.1643
5.0661,4.3355,0.5036
1.4862,4.292,0.7204
4.468,2.4388,1.6831
5.4307,4.9365,1.3551
2.6733,5.9853,0.4127
6.1245,6.2543,1.032
0.7016,5.1623,2.6548
3.3661,6.4338,0.4509
8.0428,6.0968,0.5646
2.5928,6.6694,1.7086
6.0518,6.4765,4.0276
4.1003,7.355,1.1675
3.1646,4.7455,0.3148
9.1613,3.0094,0.3137
3.4326,5.9956,1.0877
2.3668,6.1708,7.2999
9.093,7.355,5.738
7.4594,6.9219,2.0854
6.818,7.9182,2.5575
0.4953,5.9298,1.2514
1.312,5.3432,3.4192
6.3834,2.9225,0.2445
2.0943,5.4621,4.8203
2.2564,4.1712,0.7106
7.7914,5.3173,3.6178
2.8592,5.0818,2.4706
0.7159,5.7076,0.952
0.3643,4.854,1.3388
4.4318,6.4025,1.8021
6.1713,0.9153,1.5652
8.6889,5.285,5.4849
1.108,6.8037,2.3424
1.9667,7.8051,0.505
5.298,6.0979,5.7621
3.6411,7.5273,1.3128
4.8254,5.2534,0.3191
9.2412,5.0043,0.3098
5.4489,5.7941,0.818
4.1512,4.9952,0.0116
9.8944,3.8265,1.4268
0.6522,4.2271,0.0184
9.3211,3.3318,0.8027
5.0166,5.7926,1.1011
5.0376,5.0171,1.0562
9.2196,4.4596,4.059
5.0732,4.15,0.0651
4.3841,5.7576,2.1139
2.7249,6.1707,0.1221
6.5882,3.3042,3.4987
5.6965,3.0685,0.3128
2.1435,6.4318,1.4512
7.0941,2.9373,2.8465
6.4409,5.8212,3.604
3.9733,7.4254,3.2833
0.044,7.4289,1.3157
4.4658,6.1068,4.5567
0.0606,6.0632,3.5059
0.75,8.3779,5.7562
4.3061,1.4984,2.0438
0.8192,4.3035,2.484
2.7567,6.2727,0.8749
6.5549,4.4941,0.6802
3.0862,6.8597,0.0577
9.9765,4.941,1.1918
9.163,5.1976,1.5172
5.8531,4.588,0.4212
9.6695,4.2162,0.193
8.6802,4.1793,1.3483
3.189,5.4067,1.893
7.496,3.8382,10.1775
1.3683,6.4298,2.9871
6.8455,5.9798,0.0946
4.9108,6.6491,1.3189
0.1683,3.3066,0.1031
2.7423,2.4508,0.6331
9.5538,4.9937,0.8143
3.1583,9.3482,2.1829
1.8145,6.8993,3.4818
1.8753,4.1683,1.2151
4.7921,5.6368,1.0583
8.4265,6.0914,1.6817
7.58,2.9474,0.5551
4.3685,7.0544,0.7956
2.0873,4.7489,1.926
0.4606,4.864,0.6245
4.6263,5.0357,0.1235
8.1478,6.7168,0.8502
7.2968,3.8672,0.7196
4.086,2.4395,0.5379
5.947,5.4844,0.0744
4.3625,1.9345,7.0165
5.7902,4.5483,0.4917
5.1751,6.7803,2.0586
6.8097,5.8686,0.8022
5.0771,6.5635,5.0006
9.4061,5.9305,0.2167
4.2803,8.6155,4.492
0.1592,4.1176,0.1203
2.3637,5.5972,4.0138
5.0061,4.3428,2.8988
5.4057,6.4352,1.4538
5.5238,4.9076,2.335
7.1455,7.5783,0.251
2.7465,4.2038,1.8108
6.649,7.1107,3.8562
7.0403,5.8897,8.4292
4.1128,4.9513,0.1534
4.0217,5.8137,2.246
1.7892,5.3919,0.6129
4.1399,5.5339,0.7362
7.8682,4.6897,0.9414
9.0897,3.9476,1.5864
5.9361,4.4974,5.9997
2.9937,2.4753,0.3215
6.8229,6.2629,2.3021
7.4015,3.1473,0.0609
3.3221,4.6735,1.6294
8.2655,5.9721,0.2887
0.737,6.2591,1.6563
0.1075,2.338,2.2826
1.2297,4.8622,1.1879
1.5601,5.6896,0.9256
8.7893,5.078,1.3863
4.2498,7.0161,0.935
2.7493,3.7673,3.35
4.2908,1.9264,2.3522
3.9484,6.2155,1.5056
3.0146,4.1944,1.7052
1.379,2.3622,1.0119
6.5592,4.7622,0.3065
1.366,6.8458,0.4705
7.7542,3.1051,1.3076
2.0169,8.504,0.1757
7.3137,3.7432,4.7254
8.0559,5.1305,2.828
1.2533,3.1713,2.4974
0.8675,5.0624,2.5091
9.4957,4.7994,0.1807
4.6305,2.7658,1.1871
6.3024,9.2387,4.4885
0.2326,4.257,1.9018
2.7871,4.2583,2.2663
5.054,6.4536,15.489
8.8622,7.7214,0.1485
2.7144,6.6897,0.4472
7.7519,3.1982,0.5294
6.6221,5.3209,1.4569
1.1527,2.1779,7.4483
2.9338,6.3526,0.913
2.3786,2.5472,5.9909
4.4253,3.7952,0.041
6.3533,4.9952,2.4766
4.3342,5.6675,3.7437
2.4454,4.6086,0.527
6.9588,7.2786,0.5796
5.8447,6.0849,3.3964
5.1931,5.9671,1.099
5.5442,3.1559,1.3202
2.219,7.5491,1.9324
6.8043,3.7954,1.0987
3.875,7.6063,2.0562
3.6347,8.0333,0.4478
1.4973,5.769,5.4723
5.9684,6.548,4.7499
6.0266,0.3756,1.0615
3.403,4.7075,0.2778
8.5985,6.6532,0.9654
8.4546,6.3868,0.6458
1.0905,3.1704,0.3253
6.9504,4.5594,1.6568
3.9383,1.1955,0.9941
9.9971,5.6195,1.8446
2.2502,2.175,1.0663
2.8052,6.6957,7.581
4.4211,6.7741,0.127
2.6872,4.2884,3.2376
6.9199,5.7819,1.0323
4.8091,4.6744,0.1576
2.2088,5.3629,2.5752
5.0637,3.2791,1.1159
8.8879,5.9337,2.7528
7.924,2.5382,1.8335
4.9883,2.2551,3.7904
2.8849,4.8171,1.1535
1.7989,4.6831,5.9668
8.7838,5.4085,1.0498
7.1017,4.0257,0.0647
5.7216,7.8285,10.6171
8.7943,5.2409,1.0758
1.2169,5.3493,0.7609
6.8249,5.2959,0.4891
2.1671,6.5044,0.9159
1.2058,5.864,1.4394
4.6561,5.663,0.8805
3.8739,6.104,1.5634
9.4117,2.2631,0.9827
3.2398,2.3197,1.7214
8.149,4.8859,0.2068
7.4883,4.7035,0.3963
6.6792,5.8697,0.6881
9.204,5.03,0.8646
4.0792,5.8728,0.8473
3.8967,3.1316,1.7588
1.6095,4.9839,9.5916
2.7576,2.9884,0.8484
8.7978,5.5803,5.3816
4.7438,2.1826,3.3388
3.4135,5.5225,3.8216
2.1611,2.7965,0.9565
4.8496,4.4247,2.0105
7.1667,6.3424,2.7255
2.8669,5.3411,0.3875
7.5772,2.5315,4.2496
6.2979,3.9914,0.8358
7.8756,2.7479,0.5214
2.5091,2.4579,3.5
6.3103,5.1765,3.1805
1.5374,5.8404,2.3949
3.638,5.6609,0.0018
7.2436,5.9039,1.5274
6.3167,4.9821,0.4213
1.8786,4.5899,0.3982
8.5834,3.3904,4.227
0.5335,4.3399,0.6782
5.9522,3.018,1.838
9.8382,3.7323,0.8164
5.315,5.1334,0.75
8.0067,4.8233,1.4156
5.9518,9.5971,0.4602
7.8309,2.9813,5.9028
6.5559,4.8124,0.8261
6.9113,2.8644,4.1413
2.2781,4.4183,0.8691
7.4182,4.4794,1.4024
2.3791,6.2673,0.064
9.8064,4.3255,2.3039
2.2779,4.713,4.4833
2.3668,4.3545,3.9786
8.5867,2.8984,1.9311
2.4299,4.0218,0.311
3.609,4.4271,1.9426
7.1464,5.1107,0.7951
1.5875,5.8384,0.9357
1.5907,4.6481,4.4893
4.8636,4.6217,2.2322
2.437,2.4188,1.237
2.3566,5.8096,7.3717
0.0924,3.9562,0.4314
3.7045,6.1207,1.2043
3.1825,6.9747,0.3275
0.3116,4.7181,3.6114
6.2123,3.465,0.2455
6.2666,4.975,4.6617
0.708,5.5231,0.9797
3.1704,4.5267,0.1833
8.7281,4.1539,0.4326
5.8217,5.8453,2.3234
4.1197,5.7464,0.4538
4.651,4.4806,0.8788
2.0828,2.5189,0.5754
8.1188,5.6846,3.3533
9.14,3.849,1.8284
9.1066,5.3215,3.4359
2.2393,5.2267,0.186
3.1074,2.1666,0.7802
1.6062,5.1216,0.1694
3.072,5.7718,1.0869
3.3281,5.9557,0.6901
6.3311,5.176,0.0193
1.8965,2.0342,0.4715
9.194,6.9156,0.5298
1.031,5.6165,1.8464
0.0688,3.195,0.0575
8.5495,3.8184,8.7934
7.0377,5.3468,2.2163
3.5536,6.0197,2.6265
5.955,4.2681,0.5741
2.2354,6.2383,1.1643
1.6839,2.3108,5.6304
4.7115,3.4363,1.5818
3.5319,1.9035,7.2449
6.1523,3.6539,0.2484
