Time,Temperature
0,21.96033883779752
1,22.17614968263551
2,22.66660687450284
3,22.750077633777074
4,22.51436158142029
5,23.24045351650372
6,23.288470220354327
7,24.066050467148575
8,23.78152211313249
9,23.984548080678326
10,24.26138858687477
11,24.74765882343625
12,24.96727100331096
13,25.26577042464622
14,25.504079680761574
15,26.075556759053924
16,26.131800388749607
17,26.405603171465447
18,26.535155587472794
19,26.724836408953912
20,27.179414862776667
